student_id,name,password,gender,birth_date,major,grade,class_name,enrollment_date,status,email,phone,created_at,updated_at
2022011001,司玉梅,$2b$12$nM6xn84DVQ/fL39Oh8kzaeVPoKUyWjTcdwkhnZT93Vf22trHaICMe,女,2002-12-04,计算机科学与技术,2022,2022001001,2022-09-01,active,2022011001@bupt.edu.cn,19236836481,2025-11-17 13:39:48,2025-11-17 13:39:48
2022011004,魏璐,$2b$12$fXBgOopIcAdh7kLtLqV0mOEdvNzFBWXdylKHqm3aPkOO.DMbFYqMe,女,2003-12-01,计算机科学与技术,2022,2022001001,2022-09-01,active,2022011004@bupt.edu.cn,19349427565,2025-11-17 13:39:48,2025-11-17 13:39:48
2022011007,萧淑兰,$2b$12$.29Hc.gI94FpSltXwhzQWukSigiHbRuQnNZPsOYTj0edzTPZ8GYYC,女,2004-09-24,计算机科学与技术,2022,2022001001,2022-09-01,active,2022011007@bupt.edu.cn,19187021241,2025-11-17 13:39:48,2025-11-17 13:39:48
2022011010,焦伟,$2b$12$OtZxy.VC5Df9InS2ERwj/eRXvy2Wa15zEXleniLWVuaLCIA8ZCjX2,男,2002-02-19,计算机科学与技术,2022,2022001001,2022-09-01,active,2022011010@bupt.edu.cn,16607341100,2025-11-17 13:39:48,2025-11-17 13:39:48
2022011013,韦勇,$2b$12$bG9msVoa4V82v4wTxrv1suQ1P7p.dhQg3OBNBF43unsAH6OMdA7qy,男,2005-01-05,计算机科学与技术,2022,2022001002,2022-09-01,active,2022011013@bupt.edu.cn,14338614761,2025-11-17 13:39:48,2025-11-17 13:39:48
2022011016,黄小红,$2b$12$kDOiTEknU6l2zYauVVweF.eip/pMwqaSMbFzCD.O9y4b19k8z/ZVm,男,2002-03-13,计算机科学与技术,2022,2022001002,2022-09-01,active,2022011016@bupt.edu.cn,16909873753,2025-11-17 13:39:48,2025-11-17 13:39:48
2022012002,鲍桂英,$2b$12$Rgff8CNoRaDS3b9uJi2XhOuc24DqQCAT0QZna0Z19dXbvuEZpuVmK,男,2001-11-04,软件工程,2022,2022001001,2022-09-01,active,2022012002@bupt.edu.cn,13335981590,2025-11-17 13:39:48,2025-11-17 13:39:48
2022012005,沈小红,$2b$12$NlasoF1J37HkhVfwVIUKLuMpNrRqN2UDT4jIoPm3.sSvirUFpMLdq,女,2004-02-13,软件工程,2022,2022001001,2022-09-01,active,2022012005@bupt.edu.cn,19579840968,2025-11-17 13:39:48,2025-11-17 13:39:48
2022012008,李宇,$2b$12$sEXuNZommJzuNagiRNWQNOe2n3cEB7SqiQaFRhKepDng5t2l.Wpoa,女,2003-08-01,软件工程,2022,2022001001,2022-09-01,active,2022012008@bupt.edu.cn,13188229074,2025-11-17 13:39:48,2025-11-17 13:39:48
2022012011,朱玉英,$2b$12$IYgA3SIn6utzlRO.wxIBfeVIu0ByO9HfxEj9Qjl0P1LaDFvu//t6m,男,2003-10-18,软件工程,2022,2022001002,2022-09-01,active,2022012011@bupt.edu.cn,18179582025,2025-11-17 13:39:48,2025-11-17 13:39:48
2022012014,杨志强,$2b$12$luSj5cjhTF3Yq7FPSA7u0uAqA2Y589KSoDWVcgyLeNPSmrCgHKnVm,男,2004-10-05,软件工程,2022,2022001002,2022-09-01,active,2022012014@bupt.edu.cn,13314930552,2025-11-17 13:39:48,2025-11-17 13:39:48
2022012017,邓俊,$2b$12$SZOrkuQpq.zfFr1V3U6FE.MJEEGbEWtWILDjeWf7Va1IfIq2WowHy,男,2002-11-03,软件工程,2022,2022001002,2022-09-01,active,2022012017@bupt.edu.cn,13926894622,2025-11-17 13:39:48,2025-11-17 13:39:48
2022013003,杨畅,$2b$12$gJDUR/QnmAnyu2geCNmSf.z.6l.P.NT4ZQlAflltXi2q0.oGKEWQu,女,2001-06-12,数据科学与大数据技术,2022,2022001001,2022-09-01,active,2022013003@bupt.edu.cn,14180624800,2025-11-17 13:39:48,2025-11-17 13:39:48
2022013006,郝秀芳,$2b$12$Y0/73f0e6FfbHHV0AT00zebBN9BqYNAE6AMJm8/GduOBkwb/1K5C2,男,2004-05-25,数据科学与大数据技术,2022,2022001001,2022-09-01,active,2022013006@bupt.edu.cn,15963963538,2025-11-17 13:39:48,2025-11-17 13:39:48
2022013009,张彬,$2b$12$TK46XsaaoK0sM33CJETMC.xygF0FpdDIKPtrbcRk6oLcNAfVIYD6y,女,2004-03-23,数据科学与大数据技术,2022,2022001001,2022-09-01,active,2022013009@bupt.edu.cn,17989168494,2025-11-17 13:39:48,2025-11-17 13:39:48
2022013012,刘文,$2b$12$/ND8TZ5YoOQK460d0wQLjuwmln41a33tV9X4BGm.xS7aeRpjuW8Y.,女,2002-10-23,数据科学与大数据技术,2022,2022001002,2022-09-01,active,2022013012@bupt.edu.cn,13595070386,2025-11-17 13:39:48,2025-11-17 13:39:48
2022013015,陆艳,$2b$12$.NdRdxpaDc.lOEBFp6tWvuCAkWAJVLc0VEBul5LeFZVKFLvNL6uA.,男,2002-08-18,数据科学与大数据技术,2022,2022001002,2022-09-01,active,2022013015@bupt.edu.cn,14204444429,2025-11-17 13:39:48,2025-11-17 13:39:48
2022013018,汪洁,$2b$12$8BAiBwseWOlnTzm3ntuRKuL725KfaVBMrD2HRh/LYKmb1Izpnw7lK,女,2004-11-28,数据科学与大数据技术,2022,2022001002,2022-09-01,active,2022013018@bupt.edu.cn,13829283244,2025-11-17 13:39:48,2025-11-17 13:39:48
2022021001,吴浩,$2b$12$rpGnN.eRkLesRLh2vGMkouvG.QulJTmTSHjoW6wLt70ziZr8bgMee,男,2002-07-17,信息工程,2022,2022002001,2022-09-01,active,2022021001@bupt.edu.cn,19871064743,2025-11-17 13:39:48,2025-11-17 13:39:48
2022021004,魏丹丹,$2b$12$k9TfjPuFtiXisHaH0HO2DuJCxeYTOPUYRzrui7N91cewOSCUZIsNO,男,2004-07-03,信息工程,2022,2022002001,2022-09-01,active,2022021004@bupt.edu.cn,18040834904,2025-11-17 13:39:48,2025-11-17 13:39:48
2022021007,姜瑜,$2b$12$I73MbwhSqWzcf2rn1KK.Eui2BUxhKHF3sykQMD76ALj9eWvv6Nnza,男,2002-07-27,信息工程,2022,2022002001,2022-09-01,active,2022021007@bupt.edu.cn,16873090034,2025-11-17 13:39:48,2025-11-17 13:39:48
2022021010,张俊,$2b$12$D2bvOSV5dc33en3mzjJqYuYz3Q85H3A6mhIHdP8MEGcg8d6Z.XJwy,男,2002-01-22,信息工程,2022,2022002001,2022-09-01,active,2022021010@bupt.edu.cn,16189595561,2025-11-17 13:39:48,2025-11-17 13:39:48
2022021013,杜东,$2b$12$7K6VGFpXrjRqgq8Y3FwQR.j3RhVkvsxhRDUR8CnUQKk8QFFVw4yJy,男,2003-12-10,信息工程,2022,2022002002,2022-09-01,active,2022021013@bupt.edu.cn,14686666797,2025-11-17 13:39:48,2025-11-17 13:39:48
2022021016,袁凯,$2b$12$oqoUvjrZ./vG9AofE3Fx/OH2sUQHclp0ZdtZp84uMmWbrpkg8HFIe,男,2003-05-28,信息工程,2022,2022002002,2022-09-01,active,2022021016@bupt.edu.cn,13051089226,2025-11-17 13:39:48,2025-11-17 13:39:48
2022022002,陈琴,$2b$12$OIhk.RywlG.fwfy2Y.9eFuxAOqDAoV7c4GCg6TJEQUo.kv65SigG.,女,2005-03-22,通信工程,2022,2022002001,2022-09-01,active,2022022002@bupt.edu.cn,13808523182,2025-11-17 13:39:48,2025-11-17 13:39:48
2022022005,黄红梅,$2b$12$DxSb5w9hwEVG9HhGGpHe0eVumJBHqe.brfyU0j4A7C8uCo5nwvvIy,女,2002-04-15,通信工程,2022,2022002001,2022-09-01,active,2022022005@bupt.edu.cn,18349980269,2025-11-17 13:39:48,2025-11-17 13:39:48
2022022008,陈凤英,$2b$12$6j7k5jcZFCFE7Fa9XxU12.EXZ1Yb/RajRQXdpS4L1Km3EHhACtr9m,男,2003-12-11,通信工程,2022,2022002001,2022-09-01,active,2022022008@bupt.edu.cn,18952335490,2025-11-17 13:39:48,2025-11-17 13:39:48
2022022011,王丽,$2b$12$orV/Aa0NJTIPM0e62GWFo.bd8WXkENlfSwyi4kGJtulNQYRJKj0o6,男,2001-09-19,通信工程,2022,2022002002,2022-09-01,active,2022022011@bupt.edu.cn,17999526200,2025-11-17 13:39:48,2025-11-17 13:39:48
2022022014,王畅,$2b$12$eeI07NL7jEojQ9ayaJ92FepbtuRIQ//Ly3hKAKwyEs2Ats/Q5Vece,男,2002-02-13,通信工程,2022,2022002002,2022-09-01,active,2022022014@bupt.edu.cn,18505066737,2025-11-17 13:39:48,2025-11-17 13:39:48
2022023003,束慧,$2b$12$NcfDXa0wLZV8LB8fzSq3uO6MCMHPXute1HU5Vb0zID.DGaG.ne4Qi,男,2002-12-16,空间信息与数字技术,2022,2022002001,2022-09-01,active,2022023003@bupt.edu.cn,18343291671,2025-11-17 13:39:48,2025-11-17 13:39:48
2022023006,周玉兰,$2b$12$Angiv01dW/6e9jKJGs61O.ZV4R56ZEdxIcuk1g.tq/hXoOBaI0irG,女,2003-02-10,空间信息与数字技术,2022,2022002001,2022-09-01,active,2022023006@bupt.edu.cn,14782208691,2025-11-17 13:39:48,2025-11-17 13:39:48
2022023009,刘桂芳,$2b$12$vPY5Gmrj8LZtelVeyU/PcexvAAsRZcWLO0705Df5LXf2y2L2suVpC,女,2003-10-01,空间信息与数字技术,2022,2022002001,2022-09-01,active,2022023009@bupt.edu.cn,17844125020,2025-11-17 13:39:48,2025-11-17 13:39:48
2022023012,冯晨,$2b$12$MU6kKboprO6tlU8UCNqpW.dBLxvlF7JHqhReCUEwGG752DTJElzu.,女,2004-11-20,空间信息与数字技术,2022,2022002002,2022-09-01,active,2022023012@bupt.edu.cn,17800005611,2025-11-17 13:39:48,2025-11-17 13:39:48
2022023015,韩丹,$2b$12$HNh/aLo692SrThCmG5Ygye1/5PiayHwLy0TTQzcvFfyHZo.Q9eqne,女,2001-08-13,空间信息与数字技术,2022,2022002002,2022-09-01,active,2022023015@bupt.edu.cn,14304804158,2025-11-17 13:39:48,2025-11-17 13:39:48
2022031001,官小红,$2b$12$R.i3EgbutFMQFAJ4AT2sw.fNHTEAbukqUZer1Eep7nYWERBpAZ.4K,男,2003-04-17,网络空间安全,2022,2022003001,2022-09-01,active,2022031001@bupt.edu.cn,14175524212,2025-11-17 13:39:48,2025-11-17 13:39:48
2022031004,王军,$2b$12$GEhZA68t4c1XWE.fZC2eWudFW.LG0XG60BEsaTEKMPRkx/Wf8PLPK,女,2005-01-04,网络空间安全,2022,2022003001,2022-09-01,active,2022031004@bupt.edu.cn,13298220260,2025-11-17 13:39:48,2025-11-17 13:39:48
2022031007,靳伟,$2b$12$T9qEXO7ZAHWDOweRogG.puV6rAS5PdQDeRCGo0J3jQVSz/wuwzr2a,男,2002-05-08,网络空间安全,2022,2022003001,2022-09-01,active,2022031007@bupt.edu.cn,16007937705,2025-11-17 13:39:48,2025-11-17 13:39:48
2022031010,张凤兰,$2b$12$rYBDiKYmVtIOrFAFMgRKNev8xUUPrtypr5Haj6bMJ/soyKnWg1MjS,女,2002-01-15,网络空间安全,2022,2022003001,2022-09-01,active,2022031010@bupt.edu.cn,17355769430,2025-11-17 13:39:48,2025-11-17 13:39:48
2022031013,董桂珍,$2b$12$KKuriKBQc.yVJNZouJdpFuRTkxO2nd6iiMKeN3Dk7cHkv5oKCdZ2W,男,2004-11-25,网络空间安全,2022,2022003002,2022-09-01,active,2022031013@bupt.edu.cn,18652418470,2025-11-17 13:39:48,2025-11-17 13:39:48
2022031016,吴秀华,$2b$12$0J7FfRSn7aRvOBlNY2mY0ekWosS8wxmzEvQCcAgvhBkuCfczenMfS,男,2003-04-18,网络空间安全,2022,2022003002,2022-09-01,active,2022031016@bupt.edu.cn,19999742474,2025-11-17 13:39:48,2025-11-17 13:39:48
2022032002,赵桂芳,$2b$12$tfX2e7pYgp/fPvNm7KVHnu1SU9kjNkw11dJ5WjpOnzFxClym2SWPa,女,2003-06-11,信息安全,2022,2022003001,2022-09-01,active,2022032002@bupt.edu.cn,13430436051,2025-11-17 13:39:48,2025-11-17 13:39:48
2022032005,马秀兰,$2b$12$VxTEK.uGpXBvqhVzdaI3c.qzpJcGOVkKw7TX9tkVZNuS077UK9bSa,女,2001-07-17,信息安全,2022,2022003001,2022-09-01,active,2022032005@bupt.edu.cn,19264675741,2025-11-17 13:39:48,2025-11-17 13:39:48
2022032008,翟秀芳,$2b$12$l1kaOQYeW6MhyF/eUNFSu.6tPrB50CHaSAllONXlerMXiO1pyLo1.,女,2002-06-18,信息安全,2022,2022003001,2022-09-01,active,2022032008@bupt.edu.cn,13100102226,2025-11-17 13:39:48,2025-11-17 13:39:48
2022032011,景敏,$2b$12$zU3mVSMopA3bk9mmXsGI4OQPeVQ.4WlDPuOWrlgZ1E1G/mNBABPEe,女,2005-08-21,信息安全,2022,2022003002,2022-09-01,active,2022032011@bupt.edu.cn,15390117033,2025-11-17 13:39:48,2025-11-17 13:39:48
2022032014,杨丽华,$2b$12$juDRfK3p36RzrT6WoevmYuS3RVUN8.UIxdLNusxiZlK00a6BeuZYK,男,2003-10-12,信息安全,2022,2022003002,2022-09-01,active,2022032014@bupt.edu.cn,15528589388,2025-11-17 13:39:48,2025-11-17 13:39:48
2022032017,赵桂英,$2b$12$9RYiSFykSgBlj6l9rZrG.OxMO9Xdi40/jET5QjGVB.vjR5gFlKn62,男,2003-05-23,信息安全,2022,2022003002,2022-09-01,active,2022032017@bupt.edu.cn,18080143500,2025-11-17 13:39:48,2025-11-17 13:39:48
2022033003,徐淑英,$2b$12$WXDLNM2WE5imB5NBkgCl6eXt4/qyH9isE4mWks9.3cn4ZMZ3lbjHS,男,2002-01-07,密码科学与技术,2022,2022003001,2022-09-01,active,2022033003@bupt.edu.cn,15304319136,2025-11-17 13:39:48,2025-11-17 13:39:48
2022033006,刘敏,$2b$12$L7./DUPErd.J6TK9ROw.HuQzDWbQgxW0NJHAyar.4fNKJVkKXRp1.,男,2002-12-20,密码科学与技术,2022,2022003001,2022-09-01,active,2022033006@bupt.edu.cn,14723918362,2025-11-17 13:39:48,2025-11-17 13:39:48
2022033009,黄娜,$2b$12$SCz2idpr0a.w2A9RSFHoiepecgWikWqllngy8TZ6YQhKWx9DnyILS,女,2004-07-02,密码科学与技术,2022,2022003001,2022-09-01,active,2022033009@bupt.edu.cn,14182324635,2025-11-17 13:39:48,2025-11-17 13:39:48
2022033012,王强,$2b$12$ji4ChUkgyxlazV90DKOndO54Ye0loVp1AkExGMB3aNtjfUQEY8RlW,女,2004-04-08,密码科学与技术,2022,2022003002,2022-09-01,active,2022033012@bupt.edu.cn,19523628561,2025-11-17 13:39:48,2025-11-17 13:39:48
2022033015,王红,$2b$12$4wiSAW2nLQRbbQXr7yv3luCbDXy/JzxV6bW4BKGvwthaxTwW.AZOe,男,2003-11-28,密码科学与技术,2022,2022003002,2022-09-01,active,2022033015@bupt.edu.cn,18211296588,2025-11-17 13:39:48,2025-11-17 13:39:48
2022041001,王雪梅,$2b$12$w2U62PjK40lkxUHsLY7FrOsYl3BmlYp/HGU8nAeCggJ9SjdsFyEbS,男,2003-08-01,电子信息工程,2022,2022004001,2022-09-01,active,2022041001@bupt.edu.cn,14759321008,2025-11-17 13:39:48,2025-11-17 13:39:48
2022041004,刘桂香,$2b$12$CxejRFrtReRXJNqW1zg1DOgsMgeMQDN3XRCS1JOzaAXCe.6ct8yOe,女,2005-08-09,电子信息工程,2022,2022004001,2022-09-01,active,2022041004@bupt.edu.cn,19336232415,2025-11-17 13:39:48,2025-11-17 13:39:48
2022041007,朱丹,$2b$12$3i9sZsKTDFVZ2engVz.AS.YLGczUYiRFVA.E1iqlQJemWc8XlPxse,男,2002-04-18,电子信息工程,2022,2022004001,2022-09-01,active,2022041007@bupt.edu.cn,14599331012,2025-11-17 13:39:48,2025-11-17 13:39:48
2022041010,高凤兰,$2b$12$vMXrPo3SaHJAaJgppiQibuqzV2nh1yiug/ujFGj2qv81YWu2SkjwO,男,2005-11-22,电子信息工程,2022,2022004001,2022-09-01,active,2022041010@bupt.edu.cn,18769183214,2025-11-17 13:39:48,2025-11-17 13:39:48
2022041013,尹博,$2b$12$O1cR.aM8aiAHeAvzvjH/muosaVfW000RJ5WevK.AOgly29WiJHDo6,女,2004-10-19,电子信息工程,2022,2022004002,2022-09-01,active,2022041013@bupt.edu.cn,19859417642,2025-11-17 13:39:48,2025-11-17 13:39:48
2022041016,萧瑞,$2b$12$4XD7Tvh5qU3k560nFIpxB.IRkyxhYBjKb/0Ht3gSj/VN55f2iTtZ2,男,2002-03-14,电子信息工程,2022,2022004002,2022-09-01,active,2022041016@bupt.edu.cn,16871131631,2025-11-17 13:39:48,2025-11-17 13:39:48
2022042002,谢红霞,$2b$12$zwFYQSjtteu2aIvVmk/br.k2HWU55VTnyiy0IcqYwlGEXJv3ImPjC,男,2003-04-23,电子科学与技术,2022,2022004001,2022-09-01,active,2022042002@bupt.edu.cn,14346534355,2025-11-17 13:39:48,2025-11-17 13:39:48
2022042005,滕玉梅,$2b$12$QDc9n0TPOnWCdSCUSDeC/uMsf.eSYnihEIsGdw2nTK6hc/v53c1x6,女,2004-01-03,电子科学与技术,2022,2022004001,2022-09-01,active,2022042005@bupt.edu.cn,19472314311,2025-11-17 13:39:48,2025-11-17 13:39:48
2022042008,黄凯,$2b$12$umY3TlA.m5DLkeqnYpUe5.xfvd2Jic0P/6zHLJE3Pt0JHD2C7JbhO,女,2004-10-28,电子科学与技术,2022,2022004001,2022-09-01,active,2022042008@bupt.edu.cn,17960891400,2025-11-17 13:39:48,2025-11-17 13:39:48
2022042011,许伟,$2b$12$p4BHeJmA5F3nkGA3KHyZ4OPjqZfExrWChjbBUzKr4du6U5A76CUSe,男,2003-05-16,电子科学与技术,2022,2022004002,2022-09-01,active,2022042011@bupt.edu.cn,18153543099,2025-11-17 13:39:48,2025-11-17 13:39:48
2022042014,韦丽娟,$2b$12$NnHmh.XufPYEryKrRm7B7.X5TVd1b1/k/3SwET10j2V/VzdinER6.,女,2001-11-17,电子科学与技术,2022,2022004002,2022-09-01,active,2022042014@bupt.edu.cn,14447373110,2025-11-17 13:39:48,2025-11-17 13:39:48
2022042017,王莉,$2b$12$brnTEqzmqdclJsmxiLmWBu0V3ovGCpTnzNKj90ubQUr2X78zHXlsq,女,2003-05-26,电子科学与技术,2022,2022004002,2022-09-01,active,2022042017@bupt.edu.cn,16517304786,2025-11-17 13:39:48,2025-11-17 13:39:48
2022043003,许坤,$2b$12$KGkT7b3nHcVQWakOcs9mLOqjcvIEktCsSrjAD6kd0FcHUZbqJh4fa,女,2004-09-25,光电信息科学与工程,2022,2022004001,2022-09-01,active,2022043003@bupt.edu.cn,14510799046,2025-11-17 13:39:48,2025-11-17 13:39:48
2022043006,赵颖,$2b$12$y08hgRB230.SQCJgj..tvOx5Td7IkWFKjn19fllVgAi3dZY13D4PS,女,2004-09-10,光电信息科学与工程,2022,2022004001,2022-09-01,active,2022043006@bupt.edu.cn,13609943064,2025-11-17 13:39:48,2025-11-17 13:39:48
2022043009,胡洋,$2b$12$deyeu5XMwiPQdxvgMaOvSeBg53sA.22nXi5DjW67hsmaTlJbtgEAe,男,2004-10-21,光电信息科学与工程,2022,2022004001,2022-09-01,active,2022043009@bupt.edu.cn,19448759598,2025-11-17 13:39:48,2025-11-17 13:39:48
2022043012,胡俊,$2b$12$uzEks9PDQuXjQTDDHkuxUeNlErq81MOzsmvVnHAlt/wp1KZssOMLW,男,2004-04-03,光电信息科学与工程,2022,2022004002,2022-09-01,active,2022043012@bupt.edu.cn,17825067811,2025-11-17 13:39:48,2025-11-17 13:39:48
2022043015,刘玉珍,$2b$12$2VxwCrFltwLjQDVdC0OG9OnPe5j3Ns/0x7A15xjNtDeMj5T.RFDfG,男,2002-09-04,光电信息科学与工程,2022,2022004002,2022-09-01,active,2022043015@bupt.edu.cn,14924598115,2025-11-17 13:39:48,2025-11-17 13:39:48
2022043018,王慧,$2b$12$bvqiU3HpEwxFL3vGM1vKmu33cLB9/IVWjckyIRHdextAp.iydrW8u,男,2003-04-20,光电信息科学与工程,2022,2022004002,2022-09-01,active,2022043018@bupt.edu.cn,14791008973,2025-11-17 13:39:48,2025-11-17 13:39:48
2022051001,周华,$2b$12$BeQAHfRhYLGHxXcHTzcPz.I0Zp/pddMEU8cxuycTNWKt8bw/TSCnm,男,2005-07-22,物流工程,2022,2022005001,2022-09-01,active,2022051001@bupt.edu.cn,17056824515,2025-11-17 13:39:48,2025-11-17 13:39:48
2022051003,王东,$2b$12$2z8VUhWyRsxMEonJOxO4Oupipg3tcbMk/4d94eNTMFj0JV6ZmLHCS,女,2001-02-23,物流工程,2022,2022005001,2022-09-01,active,2022051003@bupt.edu.cn,16831064267,2025-11-17 13:39:48,2025-11-17 13:39:48
2022051005,郑桂英,$2b$12$W2WoCCZGXZYeQaP.YKrOqeBujSlb0xuuyxkGYfnQrGYfoq1YukV3m,女,2005-06-18,物流工程,2022,2022005001,2022-09-01,active,2022051005@bupt.edu.cn,16961380009,2025-11-17 13:39:48,2025-11-17 13:39:48
2022051007,庞洁,$2b$12$0GQA9CyMUpq63TNx7trk5ud5Eh6TwVstWbiv2P6kiztMkcEudeBFm,女,2002-03-23,物流工程,2022,2022005001,2022-09-01,active,2022051007@bupt.edu.cn,16524762884,2025-11-17 13:39:48,2025-11-17 13:39:48
2022051009,陈丽,$2b$12$uoub5pyXV3pZwUCg2klu8ODZvyyuiUhTze.ZxPzIVqUmEYJ1UFYX6,男,2004-03-10,物流工程,2022,2022005001,2022-09-01,active,2022051009@bupt.edu.cn,18757090800,2025-11-17 13:39:48,2025-11-17 13:39:48
2022051011,赵桂荣,$2b$12$O1u0tPcyTTy8dAIeC491Hev3AgTZml8VHokngA5z0jNXc0ooaqbFC,男,2002-07-10,物流工程,2022,2022005002,2022-09-01,active,2022051011@bupt.edu.cn,13249305656,2025-11-17 13:39:48,2025-11-17 13:39:48
2022051013,陈静,$2b$12$k2nFqha8//mgtXOynXRA..fmX4Nfl1nAjdS/t4oFum74m05nuuVSC,男,2002-04-01,物流工程,2022,2022005002,2022-09-01,active,2022051013@bupt.edu.cn,15588755512,2025-11-17 13:39:48,2025-11-17 13:39:48
2022051015,马帆,$2b$12$svhlRFjd3CkvoExZOgFopO0qUXl7i4HtFtuDkZ8kzvQ27sRbFmM9K,女,2003-05-06,物流工程,2022,2022005002,2022-09-01,active,2022051015@bupt.edu.cn,17003691546,2025-11-17 13:39:48,2025-11-17 13:39:48
2022051017,王瑞,$2b$12$GzjhesfXTTx9jW.z5ixvYeq0pN14UsSTbc5NQ2E23bcZDuFInnUd6,男,2001-02-26,物流工程,2022,2022005002,2022-09-01,active,2022051017@bupt.edu.cn,17049351361,2025-11-17 13:39:48,2025-11-17 13:39:48
2022052002,利旭,$2b$12$tpDAxNxncSUZuO.RglSgWeqy8DHCzzq2DKK7RGAr2aG.FyXypVYpq,男,2003-01-09,邮政管理,2022,2022005001,2022-09-01,active,2022052002@bupt.edu.cn,18218324578,2025-11-17 13:39:48,2025-11-17 13:39:48
2022052004,陈杨,$2b$12$IjOXxzR6xlmL17MPtOtQkObxhfxRPZPXCoT4ijGAStqfyU/Nt4EGG,男,2004-07-28,邮政管理,2022,2022005001,2022-09-01,active,2022052004@bupt.edu.cn,14785932363,2025-11-17 13:39:48,2025-11-17 13:39:48
2022052006,兰秀芳,$2b$12$xY4JavPXOl1FdTkn/MU/NOrE45Dz4aqRrOTJfc1q0VguL/aj6JTEO,男,2003-06-13,邮政管理,2022,2022005001,2022-09-01,active,2022052006@bupt.edu.cn,17264948793,2025-11-17 13:39:48,2025-11-17 13:39:48
2022052008,何佳,$2b$12$z4Z3.wIx33A4DyuiL/jX.OOf2hF6b/z5/pHl230DTJE5BkHJKtzeq,男,2004-04-02,邮政管理,2022,2022005001,2022-09-01,active,2022052008@bupt.edu.cn,14640203025,2025-11-17 13:39:48,2025-11-17 13:39:48
2022052010,胡小红,$2b$12$ipu/lgQX1wxte/FclrlTdObeUHS2T1G1XvMjvo.6VzWEFzoyOut62,男,2002-12-24,邮政管理,2022,2022005001,2022-09-01,active,2022052010@bupt.edu.cn,15407524948,2025-11-17 13:39:48,2025-11-17 13:39:48
2022052012,田桂芝,$2b$12$RUZ.OgJnsofJPlmGpNm.auG3wFMQn08IQNVY0Y5YPlk8Oslq6/A2y,男,2002-08-25,邮政管理,2022,2022005002,2022-09-01,active,2022052012@bupt.edu.cn,18204831434,2025-11-17 13:39:48,2025-11-17 13:39:48
2022052014,赵雪,$2b$12$Crf3arwWfn4XwvPypPtM6u3SKFfY8Kbuc8vvfV5Upo0GK.Zfr6Lkm,男,2003-09-20,邮政管理,2022,2022005002,2022-09-01,active,2022052014@bupt.edu.cn,18530361502,2025-11-17 13:39:48,2025-11-17 13:39:48
2022052016,李莉,$2b$12$zSbhRwVBV96adkUiqfmeReQEHKpnfw7Prt12qN5L.klbZLGYugvES,女,2005-11-28,邮政管理,2022,2022005002,2022-09-01,active,2022052016@bupt.edu.cn,18908711203,2025-11-17 13:39:48,2025-11-17 13:39:48
2022052018,陈刚,$2b$12$yytjTlzEiERt0dGBWM9MUeR.8tEgD84ivBKOeVGybWi4yU.sPh7Vi,男,2004-03-29,邮政管理,2022,2022005002,2022-09-01,active,2022052018@bupt.edu.cn,17037253758,2025-11-17 13:39:48,2025-11-17 13:39:48
2022061001,邓华,$2b$12$5Mwsq4HIOdL0eepMdFNuVemslsw0qsQQBb1K6KSnEae/OvsWsfHje,女,2004-10-12,人工智能,2022,2022006001,2022-09-01,active,2022061001@bupt.edu.cn,13060226713,2025-11-17 13:39:48,2025-11-17 13:39:48
2022061004,罗芳,$2b$12$oqxw8VZlPk4j4eaC9Xs7qeMRLdLm00SIG72MoRcWcYorr11GimCU.,男,2005-05-12,人工智能,2022,2022006001,2022-09-01,active,2022061004@bupt.edu.cn,14075653920,2025-11-17 13:39:48,2025-11-17 13:39:48
2022061007,陈俊,$2b$12$3irD6QuVwAkP/UJQ01oH7eALg3lW4IVnWRs3ZhQ2T6rmVoEkkFeji,女,2002-12-08,人工智能,2022,2022006001,2022-09-01,active,2022061007@bupt.edu.cn,15691958219,2025-11-17 13:39:48,2025-11-17 13:39:48
2022061010,陶雷,$2b$12$RuoVExdOp8a7qyLZvMdKhOQqiHuHV1JgsZmYjclvGpM0f4m0fxmVS,女,2001-09-16,人工智能,2022,2022006001,2022-09-01,active,2022061010@bupt.edu.cn,14250408027,2025-11-17 13:39:48,2025-11-17 13:39:48
2022061013,范梅,$2b$12$8f3FnSygr4nByRJHRFaHiuRkldkd7.OAQrjqnjmz8V/coGKmnqu1.,男,2004-11-10,人工智能,2022,2022006002,2022-09-01,active,2022061013@bupt.edu.cn,14434974609,2025-11-17 13:39:48,2025-11-17 13:39:48
2022061016,周玉兰,$2b$12$WC24vCDtiyTgn/BmugbJQe.XVRVL6Rz2wyfo/bVS0SOIn5s4tdwEa,男,2002-07-25,人工智能,2022,2022006002,2022-09-01,active,2022061016@bupt.edu.cn,17407810282,2025-11-17 13:39:48,2025-11-17 13:39:48
2022062002,陈桂英,$2b$12$NF0i1PPAA3yAi8zsWBozVOoccJvM5KN868S16Oq91P4Cu9195OBrO,女,2003-11-26,生物医学工程,2022,2022006001,2022-09-01,active,2022062002@bupt.edu.cn,13793995965,2025-11-17 13:39:48,2025-11-17 13:39:48
2022062005,汪凯,$2b$12$jRytqw5MznyGGl.7jYUxIO3NbYl24mTaZRKS4.y94rQ8ZaFuGoN9m,男,2004-03-08,生物医学工程,2022,2022006001,2022-09-01,active,2022062005@bupt.edu.cn,14243845468,2025-11-17 13:39:48,2025-11-17 13:39:48
2022062008,张彬,$2b$12$18plZRODrnLAotj87rDGH.h3AhhF5PSBsn3PMyL9wS3S1a11EXsWC,女,2002-10-03,生物医学工程,2022,2022006001,2022-09-01,active,2022062008@bupt.edu.cn,13894817205,2025-11-17 13:39:48,2025-11-17 13:39:48
2022062011,曾淑珍,$2b$12$zRPwwZ8ZJJTpDidDG8SZ0Oyxk77cmwp//9PgzgMlAwbHk6p8H4yLW,男,2004-06-15,生物医学工程,2022,2022006002,2022-09-01,active,2022062011@bupt.edu.cn,14409546626,2025-11-17 13:39:48,2025-11-17 13:39:48
2022062014,李建平,$2b$12$U99uMALeQQdQtCHmHWhuiOqF8R9H7fGdkrQMEWFZLtjTRlIrba7w2,女,2001-02-18,生物医学工程,2022,2022006002,2022-09-01,active,2022062014@bupt.edu.cn,15185230517,2025-11-17 13:39:48,2025-11-17 13:39:48
2022062017,余桂珍,$2b$12$jwWKagVnfQPl1F1UYRjucel1bSFCXh14fomcVK0h7xavaWDHRy/MC,男,2002-11-26,生物医学工程,2022,2022006002,2022-09-01,active,2022062017@bupt.edu.cn,14508719059,2025-11-17 13:39:48,2025-11-17 13:39:48
2022063003,李旭,$2b$12$OugxECRkAQbXREyHPkaXf.7Dw64dgdwPl2WfmvZIXGuA.o9P0QZSC,女,2003-10-06,自动化,2022,2022006001,2022-09-01,active,2022063003@bupt.edu.cn,16078420597,2025-11-17 13:39:48,2025-11-17 13:39:48
2022063006,邓萍,$2b$12$jYIUFlRHO6Vtolo5qrDyIOKqmCPgP2HkYvoPUsPSzJODLfF/.k3hm,男,2005-04-18,自动化,2022,2022006001,2022-09-01,active,2022063006@bupt.edu.cn,18188760606,2025-11-17 13:39:48,2025-11-17 13:39:48
2022063009,陈倩,$2b$12$MufFAoZLcFXtXHN0AZALw.J7/GP4.joJiIOur7rJQJoERkXNAOIH6,女,2003-01-18,自动化,2022,2022006001,2022-09-01,active,2022063009@bupt.edu.cn,14129127966,2025-11-17 13:39:48,2025-11-17 13:39:48
2022063012,张亮,$2b$12$M1AJ0QLnJS8fN7UDm1almOBOjti2rCeGEhV.9VxKrMSs0W4/WKyu.,女,2003-06-26,自动化,2022,2022006002,2022-09-01,active,2022063012@bupt.edu.cn,17729738446,2025-11-17 13:39:48,2025-11-17 13:39:48
2022063015,张秀梅,$2b$12$xM3XrlxtgyeIq36MNM5ODOZs3GejHZdnsA8kxXk1IYhoLbsFhemtu,女,2002-12-26,自动化,2022,2022006002,2022-09-01,active,2022063015@bupt.edu.cn,14892450740,2025-11-17 13:39:48,2025-11-17 13:39:48
2022063018,桂磊,$2b$12$/IFmE4agDk4AQxB/wbsOwuzDd0wTIOvatQv0hK5jMAMVNE8CY4te2,女,2002-11-20,自动化,2022,2022006002,2022-09-01,active,2022063018@bupt.edu.cn,18008758460,2025-11-17 13:39:48,2025-11-17 13:39:48
2022071001,韦岩,$2b$12$1YowcysoDKB0Jb2M2NJR1uNgoLB0BSPr7VEaneuDPsYIUDov71efG,男,2002-07-20,电子信息工程（国际）,2022,2022007001,2022-09-01,active,2022071001@bupt.edu.cn,18792716460,2025-11-17 13:39:48,2025-11-17 13:39:48
2022071005,王娟,$2b$12$j95P1FcLLVqX2o8NinPCB.n8VjsE5133orU36XmRyZVOtvR8wSL0W,男,2004-09-06,电子信息工程（国际）,2022,2022007001,2022-09-01,active,2022071005@bupt.edu.cn,13284396705,2025-11-17 13:39:48,2025-11-17 13:39:48
2022071009,孙丹,$2b$12$8xUyGD25q01K9fmsupUiK.2DKdJXCd.vJ14UemBsVpuMAtgvfhJoG,女,2003-04-01,电子信息工程（国际）,2022,2022007001,2022-09-01,active,2022071009@bupt.edu.cn,17915861921,2025-11-17 13:39:48,2025-11-17 13:39:48
2022071013,张莹,$2b$12$OvrQileC174r1r3rrAEhZOpsvbazkmvDylNN2RijeieiqtRQpE9P.,男,2004-10-24,电子信息工程（国际）,2022,2022007002,2022-09-01,active,2022071013@bupt.edu.cn,16243348093,2025-11-17 13:39:48,2025-11-17 13:39:48
2022071017,郑丹丹,$2b$12$QN26WN7ct9SsaaMKTygxouj5x2jCUbtx8hNdyd7/jcgGVtoDQ31yq,女,2003-03-12,电子信息工程（国际）,2022,2022007002,2022-09-01,active,2022071017@bupt.edu.cn,13665821106,2025-11-17 13:39:48,2025-11-17 13:39:48
2022072002,贾刚,$2b$12$yiq1IG1huc2Z9pUvCjCsSetcyAIkC7JYo2WC7F3qxhBWOwY501m92,女,2004-08-04,计算机科学与技术（国际）,2022,2022007001,2022-09-01,active,2022072002@bupt.edu.cn,16952035130,2025-11-17 13:39:48,2025-11-17 13:39:48
2022072006,杨亮,$2b$12$Q51SlTnXvwn9mvkhsmwxEOeJZLbvJRoWbIpmg4dRUpx.mS5/YfKwO,女,2003-01-16,计算机科学与技术（国际）,2022,2022007001,2022-09-01,active,2022072006@bupt.edu.cn,14254631347,2025-11-17 13:39:48,2025-11-17 13:39:48
2022072010,练红,$2b$12$4JPJU.R/au1WwjUi.PrZseOm24vMpamTlKkuGTWIGK7Tj9SQkp1xm,男,2003-10-01,计算机科学与技术（国际）,2022,2022007001,2022-09-01,active,2022072010@bupt.edu.cn,18436495032,2025-11-17 13:39:48,2025-11-17 13:39:48
2022072014,张鑫,$2b$12$uNsAW/NiockjO0kYbeNJleGFkmQeN04963FQCb9UTPvhrKf336p3G,男,2004-12-23,计算机科学与技术（国际）,2022,2022007002,2022-09-01,active,2022072014@bupt.edu.cn,15007208058,2025-11-17 13:39:48,2025-11-17 13:39:48
2022073003,余丽娟,$2b$12$MQnbxiRUSfne7bQlEgryVu0ZFgQG2zIATbvQLNQ/Pr5Nbh8um8EA6,女,2002-05-12,电信工程及管理（国际）,2022,2022007001,2022-09-01,active,2022073003@bupt.edu.cn,19640315844,2025-11-17 13:39:48,2025-11-17 13:39:48
2022073007,田瑞,$2b$12$cgtqo.U8/0Fy7UTKo9WgG.cCbx6Yprcj7lUFzgHpYK04pUX12meAO,男,2004-04-29,电信工程及管理（国际）,2022,2022007001,2022-09-01,active,2022073007@bupt.edu.cn,19132442150,2025-11-17 13:39:48,2025-11-17 13:39:48
2022073011,徐峰,$2b$12$qCawGiWd1dG1/0/uj9lITexG/9wNZ5KvxwbTexjQTmhbgvMAyb9Pm,男,2002-07-09,电信工程及管理（国际）,2022,2022007002,2022-09-01,active,2022073011@bupt.edu.cn,18291383805,2025-11-17 13:39:48,2025-11-17 13:39:48
2022073015,韦洋,$2b$12$qiQMo9dVPhW3Q6OlsSAf.e.orW0zsmM.7IaZaTkjjQAEbRMoiac6C,男,2004-08-10,电信工程及管理（国际）,2022,2022007002,2022-09-01,active,2022073015@bupt.edu.cn,14102207619,2025-11-17 13:39:48,2025-11-17 13:39:48
2022074004,董桂花,$2b$12$f1DE/3E2J05XZmHO4e/CJuFUguowmTk.zFDoU6TkVngwsS8fgNObq,女,2004-09-10,智能科学与技术（国际）,2022,2022007001,2022-09-01,active,2022074004@bupt.edu.cn,13794279877,2025-11-17 13:39:48,2025-11-17 13:39:48
2022074008,陈博,$2b$12$1IVoaia.Z8iKWOgMsiUu2elcaQL579Zp.K1cu1FA1aKAsVodLBJnK,女,2001-10-18,智能科学与技术（国际）,2022,2022007001,2022-09-01,active,2022074008@bupt.edu.cn,15359613761,2025-11-17 13:39:48,2025-11-17 13:39:48
2022074012,钱华,$2b$12$uc4VNKZfvb94hHNw96ZkIuE1L3o5LuasquB4TtTJZGAcXNXjSCdUO,男,2003-03-06,智能科学与技术（国际）,2022,2022007002,2022-09-01,active,2022074012@bupt.edu.cn,16599123839,2025-11-17 13:39:48,2025-11-17 13:39:48
2022074016,阎欢,$2b$12$ZFkGoO8kq5qSC6fPhd/s7u3y9cbm4gAskJfOkMP1a3A6aoACGdsty,女,2003-01-22,智能科学与技术（国际）,2022,2022007002,2022-09-01,active,2022074016@bupt.edu.cn,16320609657,2025-11-17 13:39:48,2025-11-17 13:39:48
2023011001,李桂芝,$2b$12$M3pwi0imN5AK8yH3kNy2MeO2fTc/iAK8H8r0AnWxjR9y5t2B0wXKu,男,2004-04-15,计算机科学与技术,2023,2023001001,2023-09-01,active,2023011001@bupt.edu.cn,16407250430,2025-11-17 13:39:48,2025-11-17 13:39:48
2023011004,傅丽,$2b$12$lent32y3mxAr.oUEbOocUOhakEkHOzFSVRr9RMl1Q3zcKR59kuE5y,男,2002-05-12,计算机科学与技术,2023,2023001001,2023-09-01,active,2023011004@bupt.edu.cn,13903885005,2025-11-17 13:39:48,2025-11-17 13:39:48
2023011007,陈凯,$2b$12$wbVCK473Ys.azQQP9Xs25uqYaxABH7CWTDpAPV0BZQoMRqhVhtL4u,女,2003-01-27,计算机科学与技术,2023,2023001001,2023-09-01,active,2023011007@bupt.edu.cn,19634920594,2025-11-17 13:39:48,2025-11-17 13:39:48
2023011010,林龙,$2b$12$k2uW7soKyv1248DhCVkFC.cJ7mb1ffnQpqCa73VZy2KQkr/keUHyC,女,2003-06-10,计算机科学与技术,2023,2023001001,2023-09-01,active,2023011010@bupt.edu.cn,13924246932,2025-11-17 13:39:48,2025-11-17 13:39:48
2023011013,蓝军,$2b$12$jbOOT9qv1K5QWQsZeAsnle.ydWLcULTGPRIw5Zw/99XNYklbJ17KS,女,2002-01-27,计算机科学与技术,2023,2023001002,2023-09-01,active,2023011013@bupt.edu.cn,15239300678,2025-11-17 13:39:48,2025-11-17 13:39:48
2023011016,朱倩,$2b$12$2uTcN0S/lISCOd4Au2/MC.JliP5bCE.V0dB0Wd0kVy/ctmqVjt8fe,女,2005-04-25,计算机科学与技术,2023,2023001002,2023-09-01,active,2023011016@bupt.edu.cn,14936582819,2025-11-17 13:39:48,2025-11-17 13:39:48
2023012002,路丽丽,$2b$12$heLKCE6MGyEb5WgqQ.C0LO6oYqBw5r4/XlDgFILBo9kwQOC59Z3by,男,2003-04-22,软件工程,2023,2023001001,2023-09-01,active,2023012002@bupt.edu.cn,16800198605,2025-11-17 13:39:48,2025-11-17 13:39:48
2023012005,苏飞,$2b$12$O.1JZMo8RMKwwra.L1hA1.PeFCYZ0ITc3pd.wXvdoSqa/LmBOsih.,女,2003-06-27,软件工程,2023,2023001001,2023-09-01,active,2023012005@bupt.edu.cn,18359467868,2025-11-17 13:39:48,2025-11-17 13:39:48
2023012008,刘娟,$2b$12$lWbW5d8XbI5zEbU6kt7Fe.EbUCTaYTuHLGwbZiCwhIyiSSAeM/Rte,男,2005-07-11,软件工程,2023,2023001001,2023-09-01,active,2023012008@bupt.edu.cn,13960507339,2025-11-17 13:39:48,2025-11-17 13:39:48
2023012011,朱峰,$2b$12$2sXXG.YDCwgBQdLzccu31OJTEDRqMqdFqWRYgY7P3jlCfZ/MCfdfO,女,2004-05-09,软件工程,2023,2023001002,2023-09-01,active,2023012011@bupt.edu.cn,18375678619,2025-11-17 13:39:48,2025-11-17 13:39:48
2023012014,李淑兰,$2b$12$ztEwxLpVxHKkPt7HeabWj.UNIw3Ki/bl1DTF8smoarWTL57vZCbEW,男,2003-12-05,软件工程,2023,2023001002,2023-09-01,active,2023012014@bupt.edu.cn,17782011124,2025-11-17 13:39:48,2025-11-17 13:39:48
2023012017,黎红,$2b$12$jZO8QzThSASZsjlDQwBra.g6U4jJNJqSPvqoDmUnGVeR3zIM6W73y,男,2001-10-16,软件工程,2023,2023001002,2023-09-01,active,2023012017@bupt.edu.cn,19621317625,2025-11-17 13:39:48,2025-11-17 13:39:48
2023013003,温亮,$2b$12$mX9.OZx9g0eY2.i68B4p7OPJl5jp0GgoukLdM.8OMKuuQt7.0aBlm,男,2003-08-20,数据科学与大数据技术,2023,2023001001,2023-09-01,active,2023013003@bupt.edu.cn,15227212730,2025-11-17 13:39:48,2025-11-17 13:39:48
2023013006,曹浩,$2b$12$wX.EURINkaPbV55zvgDmZeXYpy1j4wB/5FF1RI/OYtx2BbObydyXu,女,2002-07-29,数据科学与大数据技术,2023,2023001001,2023-09-01,active,2023013006@bupt.edu.cn,18121212371,2025-11-17 13:39:48,2025-11-17 13:39:48
2023013009,李玉兰,$2b$12$7zBGShBNgfz8dj/az6OKd./spA6CSQACQrSig68OFaq.q8v46fo/q,女,2003-05-31,数据科学与大数据技术,2023,2023001001,2023-09-01,active,2023013009@bupt.edu.cn,19975987124,2025-11-17 13:39:48,2025-11-17 13:39:48
2023013012,樊娟,$2b$12$d2hSQAIogez7ebUhEp/Pr.MLj5PcOodycSybpm3TJ0AYJmK/.A2Jm,女,2004-02-21,数据科学与大数据技术,2023,2023001002,2023-09-01,active,2023013012@bupt.edu.cn,15764381533,2025-11-17 13:39:48,2025-11-17 13:39:48
2023013015,余丽丽,$2b$12$CmSipyMcnYJ.ncQTliJWW.4PLg9wrfYkeiWZw0YqJJB7lQjW.Y9uq,男,2003-12-09,数据科学与大数据技术,2023,2023001002,2023-09-01,active,2023013015@bupt.edu.cn,13391401252,2025-11-17 13:39:48,2025-11-17 13:39:48
2023013018,刘红霞,$2b$12$jxP.9he9AQY6DpgguPfhAuMOVI1khdyAftTlBsbo9J/Cyk6hGOv8S,女,2002-08-26,数据科学与大数据技术,2023,2023001002,2023-09-01,active,2023013018@bupt.edu.cn,13850729239,2025-11-17 13:39:48,2025-11-17 13:39:48
2023021001,胡丽丽,$2b$12$aC3eIzuXTQIk8AK9JJ25juewggH1WYakLPVgLmiZKQ2l8IG.4kgyq,男,2002-11-12,信息工程,2023,2023002001,2023-09-01,active,2023021001@bupt.edu.cn,15595523299,2025-11-17 13:39:48,2025-11-17 13:39:48
2023021004,俞晨,$2b$12$f1Lqf9CrbMOKAGW6stPvv.1axMjri85n0F2DfYh2WeLKHdTAkft.2,男,2004-02-01,信息工程,2023,2023002001,2023-09-01,active,2023021004@bupt.edu.cn,13703297746,2025-11-17 13:39:48,2025-11-17 13:39:48
2023021007,张洁,$2b$12$yT8d408HQkx5M3VMs1dXSe5sumtv5hL530ecfRZpaS9SGa.Rp6A5C,男,2003-08-09,信息工程,2023,2023002001,2023-09-01,active,2023021007@bupt.edu.cn,17738418924,2025-11-17 13:39:48,2025-11-17 13:39:48
2023021010,郝娟,$2b$12$GDoXd8TVzyUNfrxiKDdsJex4faLa9flXcfL4b1VDtRibuerRRv10a,女,2001-12-23,信息工程,2023,2023002001,2023-09-01,active,2023021010@bupt.edu.cn,14083672668,2025-11-17 13:39:48,2025-11-17 13:39:48
2023021013,廖文,$2b$12$3QdiAY4O4fUURnoR9yLJLeHLuSvOdjqSq4ERkOJMmbmxx7g/lnhS.,男,2001-08-22,信息工程,2023,2023002002,2023-09-01,active,2023021013@bupt.edu.cn,13934497146,2025-11-17 13:39:48,2025-11-17 13:39:48
2023021016,侯平,$2b$12$xavV9jCSD69BX8903rcGEuOoZ9HXNsw1DleO/6iEykroasWBb.5te,女,2002-03-01,信息工程,2023,2023002002,2023-09-01,active,2023021016@bupt.edu.cn,17546128274,2025-11-17 13:39:48,2025-11-17 13:39:48
2023022002,罗金凤,$2b$12$YjeHyuKJvVD7SWwT.bIsDehpS.loUJGxZrfEhtADFhaIawks7Wnt2,女,2004-01-13,通信工程,2023,2023002001,2023-09-01,active,2023022002@bupt.edu.cn,13449245782,2025-11-17 13:39:48,2025-11-17 13:39:48
2023022005,冯辉,$2b$12$78gD7Ph08D6tRYbIny42POj2RsSs31cIq73WK2WeJwv2iB2I72nf2,女,2003-02-11,通信工程,2023,2023002001,2023-09-01,active,2023022005@bupt.edu.cn,13903463585,2025-11-17 13:39:48,2025-11-17 13:39:48
2023022008,龙婷婷,$2b$12$3x0bXOayHRFczNa/Q5yQPOfinQ/tJ8vUZ9sg7be1PHXhHwbr4Adja,女,2004-08-11,通信工程,2023,2023002001,2023-09-01,active,2023022008@bupt.edu.cn,14405011389,2025-11-17 13:39:48,2025-11-17 13:39:48
2023022011,黄建,$2b$12$hbJr0x/1TU8YhhCurR.BbusHCwkrgqPL/YpbWMLvlXCH1JXh2tdkC,男,2003-03-28,通信工程,2023,2023002002,2023-09-01,active,2023022011@bupt.edu.cn,18463395713,2025-11-17 13:39:48,2025-11-17 13:39:48
2023022014,李彬,$2b$12$zgTUWtWqPJl0q2T.JF5jZugu.ag6TLJTBcvSOjnZY18LGBrfckcTu,女,2003-03-03,通信工程,2023,2023002002,2023-09-01,active,2023022014@bupt.edu.cn,14624801655,2025-11-17 13:39:48,2025-11-17 13:39:48
2023022017,李洁,$2b$12$qDVb.4xYmSHXh10UwEY/UuDhEPBZr85954dA4fDwgxaEYi8cSwJQS,女,2004-02-12,通信工程,2023,2023002002,2023-09-01,active,2023022017@bupt.edu.cn,15621165610,2025-11-17 13:39:48,2025-11-17 13:39:48
2023023003,赵兵,$2b$12$4iZIv4QGG2FQ1kbQy2Rf1OTbiVhZbSxPJDLPzwLSOf8WK1UhcgMdC,女,2001-01-01,空间信息与数字技术,2023,2023002001,2023-09-01,active,2023023003@bupt.edu.cn,14184208105,2025-11-17 13:39:48,2025-11-17 13:39:48
2023023006,万平,$2b$12$uc3PekXGtZEw9B//0OgLwuxuQpt48qBrKUbzVFSkJSZfWLfEiU4nu,男,2001-06-03,空间信息与数字技术,2023,2023002001,2023-09-01,active,2023023006@bupt.edu.cn,15513366255,2025-11-17 13:39:48,2025-11-17 13:39:48
2023023009,黄婷婷,$2b$12$DM9mwemuTSa2tlDe79583e/2kwpN54RlhrKYT1.U.8VMInnrD37km,男,2005-06-27,空间信息与数字技术,2023,2023002001,2023-09-01,active,2023023009@bupt.edu.cn,19203581129,2025-11-17 13:39:48,2025-11-17 13:39:48
2023023012,何秀芳,$2b$12$d195ymO7w/VbQ01ksyk4ROkA.SeHXoNIiK04/2Dyuh8zY1jboWKmi,男,2006-09-11,空间信息与数字技术,2023,2023002002,2023-09-01,active,2023023012@bupt.edu.cn,16162040561,2025-11-17 13:39:48,2025-11-17 13:39:48
2023023015,余雪梅,$2b$12$f3LTdrzJMVGaFzx1WsgF.ex8cXVRFuKFBAjAxoz/OACPab3nsfKmW,女,2002-04-25,空间信息与数字技术,2023,2023002002,2023-09-01,active,2023023015@bupt.edu.cn,16657961880,2025-11-17 13:39:48,2025-11-17 13:39:48
2023023018,郑玉华,$2b$12$xjuN7EoUYX712BjRSPLJVeaK2kSXJl5xrx.efS2mJ4iH9H0HwIwlq,女,2004-04-05,空间信息与数字技术,2023,2023002002,2023-09-01,active,2023023018@bupt.edu.cn,16943306238,2025-11-17 13:39:48,2025-11-17 13:39:48
2023031001,卢磊,$2b$12$vCtq2OcUvTD7ToLUhQHFUe.o7OeMXIpg1AacHY9xPUnI92xpznvci,女,2004-02-12,网络空间安全,2023,2023003001,2023-09-01,active,2023031001@bupt.edu.cn,18390205806,2025-11-17 13:39:48,2025-11-17 13:39:48
2023031004,刘敏,$2b$12$M0BCs50qd.uCPgZYtlwH1Oq2.8DLvJ0cBXPcdMaxedsIaV7JGHSKm,男,2002-01-18,网络空间安全,2023,2023003001,2023-09-01,active,2023031004@bupt.edu.cn,17100142711,2025-11-17 13:39:48,2025-11-17 13:39:48
2023031007,张秀芳,$2b$12$kpcI/LrQkcgcvU4iZ3e7luiuw85PLkmR1nrsw/B719YQXi1HggMwG,男,2003-02-04,网络空间安全,2023,2023003001,2023-09-01,active,2023031007@bupt.edu.cn,15569078217,2025-11-17 13:39:48,2025-11-17 13:39:48
2023031010,李雪,$2b$12$43EWIneHHl1Z/pTYBhS0b.E4CZD55L.qWMPYALJ7cfvU9Ku7AZZA2,男,2003-01-21,网络空间安全,2023,2023003001,2023-09-01,active,2023031010@bupt.edu.cn,17488495787,2025-11-17 13:39:48,2025-11-17 13:39:48
2023031013,叶红,$2b$12$ZeXZSach/39okwFkNvQNEOhovcCdjyDolwYV0v3U2/x0WgRChAK8K,女,2004-10-17,网络空间安全,2023,2023003002,2023-09-01,active,2023031013@bupt.edu.cn,19036532555,2025-11-17 13:39:48,2025-11-17 13:39:48
2023031016,周浩,$2b$12$Lv/fWwWnOoElDAjZrJcl1elume9yzdaGzK2YIzPwrupOwIDVUurNO,男,2004-02-06,网络空间安全,2023,2023003002,2023-09-01,active,2023031016@bupt.edu.cn,15006191298,2025-11-17 13:39:48,2025-11-17 13:39:48
2023032002,杨柳,$2b$12$xQ1c15W1/KhiTif2Aig6cejpuvxrT0xcSqliFwf7H.mv4v5.Uh9yG,男,2002-04-15,信息安全,2023,2023003001,2023-09-01,active,2023032002@bupt.edu.cn,15250828571,2025-11-17 13:39:48,2025-11-17 13:39:48
2023032005,秦林,$2b$12$1rl1PmYLqYBHMD6artvRC.sOcGSGqGSuZxhp0V8shIq6J33.5nHb6,女,2003-01-15,信息安全,2023,2023003001,2023-09-01,active,2023032005@bupt.edu.cn,14170467724,2025-11-17 13:39:48,2025-11-17 13:39:48
2023032008,官凤兰,$2b$12$QrACo3LKg3nVrvviHEzuDO//3Dkgg1PGCFb51zoYPjGHMVFk3WsDO,男,2002-12-12,信息安全,2023,2023003001,2023-09-01,active,2023032008@bupt.edu.cn,17221049427,2025-11-17 13:39:48,2025-11-17 13:39:48
2023032011,庄洁,$2b$12$dpX5YNAe40tGkvIKp5GxCOSvXh0U2LPW6c3wsYdCn73D08XW56KOe,男,2004-04-15,信息安全,2023,2023003002,2023-09-01,active,2023032011@bupt.edu.cn,18952669022,2025-11-17 13:39:48,2025-11-17 13:39:48
2023032014,许淑兰,$2b$12$iKwwLKDPZ9VlspNFfiCML.SsBhChztv.HewreivuVp0NlQQ0GZYaS,男,2004-01-16,信息安全,2023,2023003002,2023-09-01,active,2023032014@bupt.edu.cn,19508994300,2025-11-17 13:39:48,2025-11-17 13:39:48
2023032017,张强,$2b$12$k19A2RGOHEwPD/841ZG8N./.FauP9jFJsPxZb7hTs1zcUcwYvxpfy,女,2002-11-18,信息安全,2023,2023003002,2023-09-01,active,2023032017@bupt.edu.cn,18947770551,2025-11-17 13:39:48,2025-11-17 13:39:48
2023033003,刘静,$2b$12$Nk4PTsWjk9gB6x8c8E9GJOmMajVFa92CTrJPLoQvCIXVbjPCM/1Uq,女,2004-01-09,密码科学与技术,2023,2023003001,2023-09-01,active,2023033003@bupt.edu.cn,14626084957,2025-11-17 13:39:48,2025-11-17 13:39:48
2023033006,许柳,$2b$12$EPb46ZkzV6R3GDIPOa7vQOo0p38iC97.RdShRSU/SXJ/ZgKZytH3W,女,2004-08-27,密码科学与技术,2023,2023003001,2023-09-01,active,2023033006@bupt.edu.cn,16012474036,2025-11-17 13:39:48,2025-11-17 13:39:48
2023033009,安丹,$2b$12$17AsP51BuXp4tbrkOZqVoebmdnDLCR/XYTNCQXX3l.cjJGu86GTRy,男,2002-09-29,密码科学与技术,2023,2023003001,2023-09-01,active,2023033009@bupt.edu.cn,14297362528,2025-11-17 13:39:48,2025-11-17 13:39:48
2023033012,侯文,$2b$12$UkaHjkMxzMZ963wwefeJdOKfZCao44/KaD1I9QAdB6Xz3uIJpAoui,女,2001-02-07,密码科学与技术,2023,2023003002,2023-09-01,active,2023033012@bupt.edu.cn,15814201103,2025-11-17 13:39:48,2025-11-17 13:39:48
2023033015,邢婷,$2b$12$1PDLbshi054hr11DSKtTDOwxo6oUb8/DAe9VMjVm0sx2ophRB8ftW,女,2002-08-22,密码科学与技术,2023,2023003002,2023-09-01,active,2023033015@bupt.edu.cn,15894428650,2025-11-17 13:39:48,2025-11-17 13:39:48
2023041001,陈冬梅,$2b$12$86vFjfhVQ1EqYoSghCjn1.7zs4dNTcmpAMew5WV5dnmqG2huLTwCC,女,2003-10-21,电子信息工程,2023,2023004001,2023-09-01,active,2023041001@bupt.edu.cn,17503959848,2025-11-17 13:39:48,2025-11-17 13:39:48
2023041004,陈云,$2b$12$vikmG8Cr9YXI9Cz1NZszz.5FN.cp3ksAabeby0ORs..EGGJwlBSC2,男,2004-02-16,电子信息工程,2023,2023004001,2023-09-01,active,2023041004@bupt.edu.cn,14246810057,2025-11-17 13:39:48,2025-11-17 13:39:48
2023041007,陈凯,$2b$12$ZMhHFBUoKWAUeDxRV4mtu.KCQL49rDiypTPjKwGcALQGLSBlRkuMy,男,2002-03-04,电子信息工程,2023,2023004001,2023-09-01,active,2023041007@bupt.edu.cn,18428981303,2025-11-17 13:39:48,2025-11-17 13:39:48
2023041010,裴芳,$2b$12$IQFnorrP3FtkVoA1b3dohOki7F2pu5IeJguUD9WKOuFSwJhKhVkO2,男,2002-03-29,电子信息工程,2023,2023004001,2023-09-01,active,2023041010@bupt.edu.cn,19060047540,2025-11-17 13:39:48,2025-11-17 13:39:48
2023041013,刘欣,$2b$12$bJZyLoUg33.oa5ziEQjzyOWhQuLRl7A3ILj5tvD2DdHNrsGzU8mHu,男,2003-11-24,电子信息工程,2023,2023004002,2023-09-01,active,2023041013@bupt.edu.cn,13932849678,2025-11-17 13:39:48,2025-11-17 13:39:48
2023041016,马龙,$2b$12$JyVnvfAVCdAu/TIKteBl6uLSi.cAVxBl3UfAh2.MhmpvjMD8BbV7K,男,2001-04-12,电子信息工程,2023,2023004002,2023-09-01,active,2023041016@bupt.edu.cn,14513977784,2025-11-17 13:39:48,2025-11-17 13:39:48
2023042002,刘楠,$2b$12$v3Fwn3yXxNtrO6hXSroiKucic4Nb4nonJ9RazEYVUqmZE3H4oYdE.,男,2002-09-03,电子科学与技术,2023,2023004001,2023-09-01,active,2023042002@bupt.edu.cn,13208816347,2025-11-17 13:39:48,2025-11-17 13:39:48
2023042005,李丽华,$2b$12$3T1ZZYaSUkEBMwcpbUMM7.hgxBB4IpA5aD1j9.WbRrf70yefjDKLy,女,2005-01-09,电子科学与技术,2023,2023004001,2023-09-01,active,2023042005@bupt.edu.cn,14959450142,2025-11-17 13:39:48,2025-11-17 13:39:48
2023042008,卢明,$2b$12$ZwNzI8kjWN8e0DUQIn6n/uZjucoz4PQbL2a6w3Mrpv/spQsoJNAyS,女,2004-03-22,电子科学与技术,2023,2023004001,2023-09-01,active,2023042008@bupt.edu.cn,14209224349,2025-11-17 13:39:48,2025-11-17 13:39:48
2023042011,覃玉华,$2b$12$ZLPbpx/AzRl30MJ1tR/kPOXT0Qlix7IEKV3S3sbtJoAxptu0rDtNi,女,2005-08-10,电子科学与技术,2023,2023004002,2023-09-01,active,2023042011@bupt.edu.cn,15925999463,2025-11-17 13:39:48,2025-11-17 13:39:48
2023042014,朱涛,$2b$12$NWD28cVEmknxodDVS35SKeK39z0llM0Jpn6XAG5PRn.GQZaAJ51Ly,女,2003-07-19,电子科学与技术,2023,2023004002,2023-09-01,active,2023042014@bupt.edu.cn,19434561136,2025-11-17 13:39:48,2025-11-17 13:39:48
2023043003,李婷婷,$2b$12$S04k8QSuO1HACPwY5/Lii.PhJb9cvY3HRummlWg8h3Bj4mwR4a70K,男,2004-10-02,光电信息科学与工程,2023,2023004001,2023-09-01,active,2023043003@bupt.edu.cn,18421712126,2025-11-17 13:39:48,2025-11-17 13:39:48
2023043006,赵淑英,$2b$12$RiJHq9PYaY/5Todlvh1LEu1cZjV4Vw5gLPIXPwAgqlVLq8k2g2EY.,男,2002-06-15,光电信息科学与工程,2023,2023004001,2023-09-01,active,2023043006@bupt.edu.cn,13284139140,2025-11-17 13:39:48,2025-11-17 13:39:48
2023043009,董丽华,$2b$12$VXfy/TOJiT9HN4qGl0vpcufS.ksYVyB5n4CPjplwFtqk8ipgoWVfW,女,2004-02-01,光电信息科学与工程,2023,2023004001,2023-09-01,active,2023043009@bupt.edu.cn,19537504140,2025-11-17 13:39:48,2025-11-17 13:39:48
2023043012,高颖,$2b$12$Dg3ThsVAkQql1/x4HKQQ3ebAMje0OvSksIr70tcI3zPUE.EB/E5Yq,女,2004-06-23,光电信息科学与工程,2023,2023004002,2023-09-01,active,2023043012@bupt.edu.cn,18480990484,2025-11-17 13:39:48,2025-11-17 13:39:48
2023043015,姜鹏,$2b$12$7HkbkFIOsL/hkEK4YsHZtuoYDajdzEXZlWtqO14sd/GTHWVBwfnhu,女,2003-07-17,光电信息科学与工程,2023,2023004002,2023-09-01,active,2023043015@bupt.edu.cn,17843156985,2025-11-17 13:39:48,2025-11-17 13:39:48
2023051001,朱波,$2b$12$d1gGUcrBL5KK0rsvJZmvzOsV9Bm.eVISgzXeMLuRZmukf0J4hk9pC,男,2005-03-24,物流工程,2023,2023005001,2023-09-01,active,2023051001@bupt.edu.cn,18668209934,2025-11-17 13:39:48,2025-11-17 13:39:48
2023051003,张磊,$2b$12$ZA80sQT4r3QfL28vn.tnku.q/Q.4aUusKDGbJFkF/NSOQSLQg/e4G,男,2003-09-25,物流工程,2023,2023005001,2023-09-01,active,2023051003@bupt.edu.cn,18804129432,2025-11-17 13:39:48,2025-11-17 13:39:48
2023051005,刘斌,$2b$12$6h/zL7q/KjsuyO8fupR6jO4YGLz7yICg2vynh6.w8pvfbiLpYthfy,女,2004-02-19,物流工程,2023,2023005001,2023-09-01,active,2023051005@bupt.edu.cn,18996658651,2025-11-17 13:39:48,2025-11-17 13:39:48
2023051007,侯红,$2b$12$98oj13T.zn9d4dyWfHLYD.tjmmBYns3eJjjeRGu2pxz7eqCqvxpqi,男,2005-09-25,物流工程,2023,2023005001,2023-09-01,active,2023051007@bupt.edu.cn,19693667788,2025-11-17 13:39:48,2025-11-17 13:39:48
2023051009,钟飞,$2b$12$m.7I.aw2JRJwh0l5r8NZIOtqwvevor/RIhSMY9mnAAFe8fp./XgRK,男,2002-02-11,物流工程,2023,2023005001,2023-09-01,active,2023051009@bupt.edu.cn,19787219819,2025-11-17 13:39:48,2025-11-17 13:39:48
2023051011,韩敏,$2b$12$B8GkdFN2dbojrJvPWHCBAO.0G8t2TuoqQZvQ98nz0MjGuULgccLB6,男,2003-04-15,物流工程,2023,2023005002,2023-09-01,active,2023051011@bupt.edu.cn,13295730634,2025-11-17 13:39:48,2025-11-17 13:39:48
2023051013,张洋,$2b$12$dpvFkFgZrsEZeTaJx5Wq5eCgGYf6zJABD0Kbbi5tW5IHiRb8Yv4rO,女,2002-12-08,物流工程,2023,2023005002,2023-09-01,active,2023051013@bupt.edu.cn,16907169583,2025-11-17 13:39:48,2025-11-17 13:39:48
2023051015,杨建国,$2b$12$iY7tr4HgFewsjjeHSbH8yOEYwxEezasNSmdzUZpRylVKW8Ez3CJjS,男,2002-09-06,物流工程,2023,2023005002,2023-09-01,active,2023051015@bupt.edu.cn,18705071633,2025-11-17 13:39:48,2025-11-17 13:39:48
2023051017,张秀云,$2b$12$TS.CEaj2jwJ3TMa6dIDHsuDdVpLKUK6ifd2nAPcz0evv7YN55vRSa,女,2003-01-29,物流工程,2023,2023005002,2023-09-01,active,2023051017@bupt.edu.cn,16782363071,2025-11-17 13:39:48,2025-11-17 13:39:48
2023052002,王萍,$2b$12$QfxUUuNZcpK7LNyRpBioMOr6u/bIs7eyyI2/x8COm2XpKw758b2j2,男,2003-11-21,邮政管理,2023,2023005001,2023-09-01,active,2023052002@bupt.edu.cn,13551659326,2025-11-17 13:39:48,2025-11-17 13:39:48
2023052004,申桂芝,$2b$12$Lcj6lwIggBqocXSlemQoPemKoH7Z34fgyC3ytbVCEkJJ/Mr6PE9Y6,女,2003-09-08,邮政管理,2023,2023005001,2023-09-01,active,2023052004@bupt.edu.cn,14335809978,2025-11-17 13:39:48,2025-11-17 13:39:48
2023052006,何宇,$2b$12$3LMAooiC1aeFJ/NjpXaSOOs5/WAbZh1yNsifZGLHZmOW.sHcWcFJ.,女,2003-10-07,邮政管理,2023,2023005001,2023-09-01,active,2023052006@bupt.edu.cn,18152281376,2025-11-17 13:39:48,2025-11-17 13:39:48
2023052008,孟静,$2b$12$.aTVUj0gPKqb5pxLlzHLvuDqtc48LeXmKk0UIVl.I7eYoqPNeOk06,男,2003-08-19,邮政管理,2023,2023005001,2023-09-01,active,2023052008@bupt.edu.cn,14234305607,2025-11-17 13:39:48,2025-11-17 13:39:48
2023052010,吴秀兰,$2b$12$si0mCmHQ5BRvq5pG6MhH/.oAXyP74k4.4BGPGJdn4kpVloFA25/Im,女,2002-12-14,邮政管理,2023,2023005001,2023-09-01,active,2023052010@bupt.edu.cn,15586989809,2025-11-17 13:39:48,2025-11-17 13:39:48
2023052012,王帆,$2b$12$jSzDagYOf4pWzWAqAhErHOkT/g1dzwRwTplNbk51bbOuyuLbrtSB.,男,2003-08-19,邮政管理,2023,2023005002,2023-09-01,active,2023052012@bupt.edu.cn,13627987410,2025-11-17 13:39:48,2025-11-17 13:39:48
2023052014,李龙,$2b$12$ZmE8dFFo2ketU4DCUPEOdu3xdGcGJob2IerR0HI4cC9XWRTn7zBqq,女,2003-06-24,邮政管理,2023,2023005002,2023-09-01,active,2023052014@bupt.edu.cn,18824261391,2025-11-17 13:39:48,2025-11-17 13:39:48
2023052016,欧涛,$2b$12$uHZMtX3l998ZtBOPPLXJZO6u/Yp8kBZ9LDoVP5ExKVINU5N2PTpUK,女,2002-08-31,邮政管理,2023,2023005002,2023-09-01,active,2023052016@bupt.edu.cn,17240479238,2025-11-17 13:39:48,2025-11-17 13:39:48
2023061001,林红霞,$2b$12$.hfCIq36ZO4/4bFDpUBsEOnwFjzOf2GQDTdFmMzX2bmd9zJzFeLba,男,2003-08-18,人工智能,2023,2023006001,2023-09-01,active,2023061001@bupt.edu.cn,13592585110,2025-11-17 13:39:48,2025-11-17 13:39:48
2023061004,郭璐,$2b$12$EE6trjPL9UYRG3yDaOGSPuDavTtcyhyVQkKT8p4x98StipbiNgvCC,女,2003-11-08,人工智能,2023,2023006001,2023-09-01,active,2023061004@bupt.edu.cn,19172510362,2025-11-17 13:39:48,2025-11-17 13:39:48
2023061007,王辉,$2b$12$zTtSWwVVbZDLyUIFdWX2oOm4QIKRcI/3o1ZWbKEM2OUw.v4sBNjXC,男,2001-09-27,人工智能,2023,2023006001,2023-09-01,active,2023061007@bupt.edu.cn,13285770935,2025-11-17 13:39:48,2025-11-17 13:39:48
2023061010,蔡雪,$2b$12$sgFbnA7.CRqoO7sg5fQHmeZcOMC8DHeK14y999DwhY3ADRgDCHODK,女,2003-05-01,人工智能,2023,2023006001,2023-09-01,active,2023061010@bupt.edu.cn,19599626920,2025-11-17 13:39:48,2025-11-17 13:39:48
2023061013,何燕,$2b$12$erCDPHaBg6PXKvWes7XaleSGdy0UsdE34fExpgNGCoSo1Rn0o.uP6,女,2002-06-29,人工智能,2023,2023006002,2023-09-01,active,2023061013@bupt.edu.cn,13343273325,2025-11-17 13:39:48,2025-11-17 13:39:48
2023061016,陈兵,$2b$12$FajyeRqyJok3uoTTKkVCROwkfe8w0gUVpBQOBD4F0qch7wmOkrIFW,男,2006-01-26,人工智能,2023,2023006002,2023-09-01,active,2023061016@bupt.edu.cn,15467179040,2025-11-17 13:39:48,2025-11-17 13:39:48
2023062002,刘丽华,$2b$12$/UWPoHsv8oC.Pr/V6kg6OuiIPDJDrGSIlPoO.5o9v3.4zmVV2Jvie,男,2002-03-05,生物医学工程,2023,2023006001,2023-09-01,active,2023062002@bupt.edu.cn,15831036237,2025-11-17 13:39:48,2025-11-17 13:39:48
2023062005,曾文,$2b$12$nzytZ0PQ3g5OpKRql2GjGu87y4TXLjAnP8BRq8VdVXLUqQEnPmXxi,女,2002-07-12,生物医学工程,2023,2023006001,2023-09-01,active,2023062005@bupt.edu.cn,16324192958,2025-11-17 13:39:48,2025-11-17 13:39:48
2023062008,李佳,$2b$12$PIbfUH5y4JdosxOh/oBG1.JiAJB8LTrHKLuzF7P62ENC58Zdur6Pq,女,2003-08-28,生物医学工程,2023,2023006001,2023-09-01,active,2023062008@bupt.edu.cn,19558165069,2025-11-17 13:39:48,2025-11-17 13:39:48
2023062011,刘秀梅,$2b$12$v.QLNw3jdEGhP1R1xCt8H.nlBe5oODsDHkF6acQzBeFjFGnCdyvvO,女,2003-10-17,生物医学工程,2023,2023006002,2023-09-01,active,2023062011@bupt.edu.cn,17219662221,2025-11-17 13:39:48,2025-11-17 13:39:48
2023062014,张林,$2b$12$tUUIwUec66WC.8z9BzmO8OYXKP29lOG1JSEq34wHvjh.Oe5MGGBQO,男,2005-02-05,生物医学工程,2023,2023006002,2023-09-01,active,2023062014@bupt.edu.cn,17930616981,2025-11-17 13:39:48,2025-11-17 13:39:48
2023062017,郑刚,$2b$12$1RxonQhtkuPLXkAX5U/fBeMT5qTaOU7U8U4j2yWFH53XlUYeraJEO,女,2006-02-08,生物医学工程,2023,2023006002,2023-09-01,active,2023062017@bupt.edu.cn,16876319562,2025-11-17 13:39:48,2025-11-17 13:39:48
2023063003,沈琳,$2b$12$5LIEq246ldRYakTLR.zg4em4p1S0YUCy3RYQH85WFtS3sjoxqTYGq,男,2002-02-13,自动化,2023,2023006001,2023-09-01,active,2023063003@bupt.edu.cn,13776373580,2025-11-17 13:39:48,2025-11-17 13:39:48
2023063006,刘欢,$2b$12$R5YI04AExLxZ62L1XLpJY./QpBgYiQprBaKDOM6ZLr0NuG9T0OBWa,女,2004-09-01,自动化,2023,2023006001,2023-09-01,active,2023063006@bupt.edu.cn,18832121863,2025-11-17 13:39:48,2025-11-17 13:39:48
2023063009,周英,$2b$12$aLS5PTdNE16i6lHgD0dXGOxVVpQPRWpq8BgX6d8.g0pBKEkvIeHrW,男,2005-06-05,自动化,2023,2023006001,2023-09-01,active,2023063009@bupt.edu.cn,16332331224,2025-11-17 13:39:48,2025-11-17 13:39:48
2023063012,张云,$2b$12$RMOyw.oAKmQSpX6KPhy1WO2Bg339Cb2SN999wRo9FQXTxaGIiTGGG,女,2001-06-05,自动化,2023,2023006002,2023-09-01,active,2023063012@bupt.edu.cn,15405393613,2025-11-17 13:39:48,2025-11-17 13:39:48
2023063015,奉彬,$2b$12$gYEqzHmuwv/56QNxNcJBKO58XGM6ndGCdMuYjJj9Ff2mo9M4MBWWq,男,2004-11-28,自动化,2023,2023006002,2023-09-01,active,2023063015@bupt.edu.cn,19398755783,2025-11-17 13:39:48,2025-11-17 13:39:48
2023071001,陈桂荣,$2b$12$7GhTyULnVaREwMC8drRY6uoUDdGJK9pN/u2bhCpobYLzAjsr/vpSK,男,2004-04-03,电子信息工程（国际）,2023,2023007001,2023-09-01,active,2023071001@bupt.edu.cn,14163407220,2025-11-17 13:39:48,2025-11-17 13:39:48
2023071005,魏成,$2b$12$dSYtcr.D9ZejziStcOryL.djcIqu5nrkvJIYxSk3OyS1/U2mVPMzS,女,2001-05-29,电子信息工程（国际）,2023,2023007001,2023-09-01,active,2023071005@bupt.edu.cn,13528518188,2025-11-17 13:39:48,2025-11-17 13:39:48
2023071009,蔡洋,$2b$12$3wpHnubSyJ8F736bXTgvaOZSJP31IQbOv/oWUEZSsEf8rlT2ZYeea,女,2003-02-01,电子信息工程（国际）,2023,2023007001,2023-09-01,active,2023071009@bupt.edu.cn,16413483145,2025-11-17 13:39:48,2025-11-17 13:39:48
2023071013,江秀荣,$2b$12$9ukL3R2OxywciLiAO4UOYuDbu6/SjZArVI7pRjejg0UqJefa2dELK,女,2003-06-17,电子信息工程（国际）,2023,2023007002,2023-09-01,active,2023071013@bupt.edu.cn,15828388016,2025-11-17 13:39:48,2025-11-17 13:39:48
2023072002,林小红,$2b$12$vUGXEhiCuN9DIdSsZy1GAu6Ycr6rYchl/ly2IS8uHpzj4HNOCfawW,女,2003-10-11,计算机科学与技术（国际）,2023,2023007001,2023-09-01,active,2023072002@bupt.edu.cn,17776939044,2025-11-17 13:39:48,2025-11-17 13:39:48
2023072006,赵婷婷,$2b$12$vLfdyFvyekFlTbe2xknS2eDZzAporW29Lf4LPGdFHsSUDy2f8PTkq,女,2003-05-14,计算机科学与技术（国际）,2023,2023007001,2023-09-01,active,2023072006@bupt.edu.cn,18973040099,2025-11-17 13:39:48,2025-11-17 13:39:48
2023072010,曹娟,$2b$12$yTeptEABWVQZNxHbqDdDg.ew0q9q.8T6o1OdXBma09InSJ29UQ3IC,男,2002-09-06,计算机科学与技术（国际）,2023,2023007001,2023-09-01,active,2023072010@bupt.edu.cn,16263943414,2025-11-17 13:39:48,2025-11-17 13:39:48
2023072014,成玉梅,$2b$12$KZ0VYzY.rGlwpexEFrAp7ODcS/mESXkhEaIJ4JgmTW9msQN7qAooq,男,2004-06-18,计算机科学与技术（国际）,2023,2023007002,2023-09-01,active,2023072014@bupt.edu.cn,17573925103,2025-11-17 13:39:48,2025-11-17 13:39:48
2023073003,李林,$2b$12$pbV4Zn1.At7kMi2Nhr4QHeL9RiOFEmCQ6s1ta/QRT.4iuLpCCdyz6,男,2003-07-26,电信工程及管理（国际）,2023,2023007001,2023-09-01,active,2023073003@bupt.edu.cn,13769835526,2025-11-17 13:39:48,2025-11-17 13:39:48
2023073007,李丹,$2b$12$Os8MZURxfszQH1u2QgA3y.vLJkjTzLnZUuttOc4oWCM2C5DFLB4XG,女,2001-06-03,电信工程及管理（国际）,2023,2023007001,2023-09-01,active,2023073007@bupt.edu.cn,18206099072,2025-11-17 13:39:48,2025-11-17 13:39:48
2023073011,朱丽华,$2b$12$nm6UBMuFI22gQJxZpWJyJeZoHcEmhrmiGfsyOv1GxQs8Th4uf0ht2,女,2001-07-23,电信工程及管理（国际）,2023,2023007002,2023-09-01,active,2023073011@bupt.edu.cn,16602460240,2025-11-17 13:39:48,2025-11-17 13:39:48
2023073015,孙桂香,$2b$12$UZ00PgvNSWNA6/HgZyaYHe6xG9dzs4r/WAh8OPfof0fik4v7JV.Pu,女,2003-10-25,电信工程及管理（国际）,2023,2023007002,2023-09-01,active,2023073015@bupt.edu.cn,19196159197,2025-11-17 13:39:48,2025-11-17 13:39:48
2023074004,赵建华,$2b$12$ZqI6gGVOZL/jhoa/ch56wuqf3RmEElnwKBqNLp0sVTXVNFti/rQpu,男,2004-10-24,智能科学与技术（国际）,2023,2023007001,2023-09-01,active,2023074004@bupt.edu.cn,17778652430,2025-11-17 13:39:48,2025-11-17 13:39:48
2023074008,黄桂英,$2b$12$rAuA4eb/hNeP/8umRTFYSep/qUP4qjF9EZLC/KcVWQXlHHHuYmnUa,男,2001-12-07,智能科学与技术（国际）,2023,2023007001,2023-09-01,active,2023074008@bupt.edu.cn,19145921918,2025-11-17 13:39:48,2025-11-17 13:39:48
2023074012,朱秀云,$2b$12$zyWWrXStuROmy3cT04qhdOFc88KMiK2tARG..9SWf4YQhL1wsqQk.,男,2002-05-21,智能科学与技术（国际）,2023,2023007002,2023-09-01,active,2023074012@bupt.edu.cn,16092971762,2025-11-17 13:39:48,2025-11-17 13:39:48
2023074016,叶勇,$2b$12$BX3Ty46f/PbZsuRjYaEPSOtQCPnPjU0SOa4Yb4RVjIPdajo/Vm42C,女,2002-03-09,智能科学与技术（国际）,2023,2023007002,2023-09-01,active,2023074016@bupt.edu.cn,13182771641,2025-11-17 13:39:48,2025-11-17 13:39:48
2024011001,陈伟,$2b$12$L4wW7FI0LyWSHL1fWyoDae/.2i532emIJqpczFGwDA39YmfdRECF.,女,2003-03-05,计算机科学与技术,2024,2024001001,2024-09-01,active,2024011001@bupt.edu.cn,19476728382,2025-11-17 13:39:48,2025-11-17 13:39:48
2024011004,丁华,$2b$12$54g/BEY06Bhr4MSG4V3HE.h7qdfvmP/eCsWsZZCW.z.3MoluAeVzu,女,2001-10-11,计算机科学与技术,2024,2024001001,2024-09-01,active,2024011004@bupt.edu.cn,15464721061,2025-11-17 13:39:48,2025-11-17 13:39:48
2024011007,曾玉华,$2b$12$0zpF/1uGJZmslX7gnJUxLuAhEWxVdAf.mXZrALdk7mMapjMkC/mlG,男,2004-08-08,计算机科学与技术,2024,2024001001,2024-09-01,active,2024011007@bupt.edu.cn,19739938630,2025-11-17 13:39:48,2025-11-17 13:39:48
2024011010,韦飞,$2b$12$WYuEGtH.t2aZIQCbNmUTOuFHPoPBm.9WFbykZDXvnCi6vbKVG0FiK,男,2003-07-31,计算机科学与技术,2024,2024001001,2024-09-01,active,2024011010@bupt.edu.cn,18043862318,2025-11-17 13:39:48,2025-11-17 13:39:48
2024011013,张桂芝,$2b$12$7SnEH.uaeYR1YSO0lEinW.KDU3RVdpgeLJaoNJ9wkeCYm/wDt6VI.,男,2001-08-27,计算机科学与技术,2024,2024001002,2024-09-01,active,2024011013@bupt.edu.cn,16360186513,2025-11-17 13:39:48,2025-11-17 13:39:48
2024011016,王坤,$2b$12$TncUHiSgnZoFHqN8uHo7tuWx74AaZail/wGUYwH3T7flCvarLLnjK,男,2003-09-03,计算机科学与技术,2024,2024001002,2024-09-01,active,2024011016@bupt.edu.cn,18124288377,2025-11-17 13:39:48,2025-11-17 13:39:48
2024012002,宋凤兰,$2b$12$f9IEdB8xY/d1mFRAGuPbEe34Ito84v24wVOEkPoWZ4bTkjg92CVHm,女,2002-07-11,软件工程,2024,2024001001,2024-09-01,active,2024012002@bupt.edu.cn,16152976559,2025-11-17 13:39:48,2025-11-17 13:39:48
2024012005,戴宇,$2b$12$ajGTkDB9Z1SaTInL9H5jE.pl4sKulTnsDNs54kgZcjJIC5typllsi,女,2004-04-21,软件工程,2024,2024001001,2024-09-01,active,2024012005@bupt.edu.cn,17221885150,2025-11-17 13:39:48,2025-11-17 13:39:48
2024012008,陈秀珍,$2b$12$Qm2nEV6056zqqr.AqYnb4uEmI0QDOfaDhICy./NuUyG2WhVIRWbH.,男,2002-07-04,软件工程,2024,2024001001,2024-09-01,active,2024012008@bupt.edu.cn,17376861265,2025-11-17 13:39:48,2025-11-17 13:39:48
2024012011,张刚,$2b$12$xQeqmrevbe0q1qAo1C67d.GVVtIo4qGPa5maiCfoCOR/751GevqH2,男,2005-01-04,软件工程,2024,2024001002,2024-09-01,active,2024012011@bupt.edu.cn,15154177375,2025-11-17 13:39:48,2025-11-17 13:39:48
2024012014,宋龙,$2b$12$llby7vrOEgFiWhoLjT9Qme20vfwJ4OYFlkCfoWzNiStvY/p7/dTgu,男,2001-02-16,软件工程,2024,2024001002,2024-09-01,active,2024012014@bupt.edu.cn,15722742027,2025-11-17 13:39:48,2025-11-17 13:39:48
2024012017,张欣,$2b$12$lGYnnG.xdwMqgGxXmuidwO.pZaqPybxklKLtXqiuAhwK3evdgBbHG,男,2004-02-27,软件工程,2024,2024001002,2024-09-01,active,2024012017@bupt.edu.cn,15261621084,2025-11-17 13:39:48,2025-11-17 13:39:48
2024013003,潘秀芳,$2b$12$cdo.HhAplzq5xCvCzNJ3s.CtHbgSMmiLjYdaQfxfnF5.6RmsDNeBy,男,2004-02-05,数据科学与大数据技术,2024,2024001001,2024-09-01,active,2024013003@bupt.edu.cn,16867876810,2025-11-17 13:39:48,2025-11-17 13:39:48
2024013006,吴帆,$2b$12$eaESRK2qIXleShSNQzMXte58hubUQUaYUjIGJoejG9bVxMvG9tC.6,女,2005-02-23,数据科学与大数据技术,2024,2024001001,2024-09-01,active,2024013006@bupt.edu.cn,15779419572,2025-11-17 13:39:48,2025-11-17 13:39:48
2024013009,王洋,$2b$12$OKbgU/DCZjq0t1nS.hNmxeyw/NSBBfGin.8dOXrghAKvvv1eTti4m,男,2001-03-22,数据科学与大数据技术,2024,2024001001,2024-09-01,active,2024013009@bupt.edu.cn,18963210972,2025-11-17 13:39:48,2025-11-17 13:39:48
2024013012,李荣,$2b$12$B/RqbLO41Adu3hryoNW5xOxaAh2L.nO5MIHV8a1oWkKOGXE4xXK4W,女,2004-09-09,数据科学与大数据技术,2024,2024001002,2024-09-01,active,2024013012@bupt.edu.cn,13094852596,2025-11-17 13:39:48,2025-11-17 13:39:48
2024013015,杨华,$2b$12$V6jFGHjrcRkAmlTxoT78..ZoLMm6Q4OwGvELNp6G38dikKOb.KlQu,男,2003-08-13,数据科学与大数据技术,2024,2024001002,2024-09-01,active,2024013015@bupt.edu.cn,15023337066,2025-11-17 13:39:48,2025-11-17 13:39:48
2024013018,韩秀梅,$2b$12$PJQLHwI5GLus6O06x6C7/eCJXGPCce.JUo371Q.BK1AfJqZTTdk/C,男,2004-03-06,数据科学与大数据技术,2024,2024001002,2024-09-01,active,2024013018@bupt.edu.cn,16592725299,2025-11-17 13:39:48,2025-11-17 13:39:48
2024021001,李凤兰,$2b$12$kyxZup.y58ripYW1/9r5ae/N1ISSITifWA1ud/tOfNvha19Wrrqoe,女,2002-11-07,信息工程,2024,2024002001,2024-09-01,active,2024021001@bupt.edu.cn,13650594743,2025-11-17 13:39:48,2025-11-17 13:39:48
2024021004,林瑜,$2b$12$7lv0DnJCynFdKZssL7NTmugjrI/2pitfu8zQr5WbxpnPXwbm2fT8q,女,2004-11-27,信息工程,2024,2024002001,2024-09-01,active,2024021004@bupt.edu.cn,15527484337,2025-11-17 13:39:48,2025-11-17 13:39:48
2024021007,马英,$2b$12$18VMFfuKpzwm5dbtrXnBt.YilUkEv.leLuXVgXFa4HKZzGw/7uPPO,女,2003-01-10,信息工程,2024,2024002001,2024-09-01,active,2024021007@bupt.edu.cn,16834474496,2025-11-17 13:39:48,2025-11-17 13:39:48
2024021010,张秀兰,$2b$12$mIGpiMe8ld5GFKU3RbCHae.xy7ZfjvqD0GYgq.Pds.rBUBPL1cIM.,男,2003-04-26,信息工程,2024,2024002001,2024-09-01,active,2024021010@bupt.edu.cn,13122669656,2025-11-17 13:39:48,2025-11-17 13:39:48
2024021013,陈波,$2b$12$ymHyRO9j71G1sbKzURu0n.DkBgSXDA3YDDxuA9.DoEv4.UTO7qYKm,女,2003-12-30,信息工程,2024,2024002002,2024-09-01,active,2024021013@bupt.edu.cn,15393119278,2025-11-17 13:39:48,2025-11-17 13:39:48
2024021016,游军,$2b$12$4VfJUlp.Q13fUGV0at73K.NofBHG5HdbkEalATk21/aocMkfexbUq,男,2004-07-14,信息工程,2024,2024002002,2024-09-01,active,2024021016@bupt.edu.cn,13831449939,2025-11-17 13:39:48,2025-11-17 13:39:48
2024022002,张文,$2b$12$P5n317gq4fkttIj/EMPcQ.2K0xcrJ/ppy6Cm9ncrPtKvvwO4vcQhe,女,2004-03-30,通信工程,2024,2024002001,2024-09-01,active,2024022002@bupt.edu.cn,19869611998,2025-11-17 13:39:48,2025-11-17 13:39:48
2024022005,莫帅,$2b$12$YI675AHRXk74rnQnIqGJN.AgzPxPoOrbPEWhrsXkdXNajg.WWEvcm,女,2004-05-14,通信工程,2024,2024002001,2024-09-01,active,2024022005@bupt.edu.cn,17436690773,2025-11-17 13:39:48,2025-11-17 13:39:48
2024022008,刘梅,$2b$12$ZjWf/U/IIQ.6g2AdJOjlkeh8KtJxnBMAvQHYAwJO5sCqrBsG9Rc.m,男,2004-09-16,通信工程,2024,2024002001,2024-09-01,active,2024022008@bupt.edu.cn,16755468319,2025-11-17 13:39:48,2025-11-17 13:39:48
2024022011,丁金凤,$2b$12$G.a8VSzS7bdToOtXaHIfuOokWaoZ5AMbz4FDd89U0/PpzbxZw6BLu,男,2003-12-03,通信工程,2024,2024002002,2024-09-01,active,2024022011@bupt.edu.cn,19290665442,2025-11-17 13:39:48,2025-11-17 13:39:48
2024022014,杨淑兰,$2b$12$TRsJLfQzl3eL9a37bL/N0OJ6B7PR6QFNJFoGT6ZAAJDt9iL9uhr7W,女,2004-06-13,通信工程,2024,2024002002,2024-09-01,active,2024022014@bupt.edu.cn,14822206057,2025-11-17 13:39:48,2025-11-17 13:39:48
2024022017,陈桂珍,$2b$12$EhMfI8ys.8wOGnta69zrWOMv6AHj5aLBFWpJO6knvlzT5ArDNIeeG,女,2003-11-16,通信工程,2024,2024002002,2024-09-01,active,2024022017@bupt.edu.cn,15524698724,2025-11-17 13:39:48,2025-11-17 13:39:48
2024023003,朱淑英,$2b$12$SLCRHiQO/B0HVG4FJkdz0eHS/3ABCG4USbD2MHdsIJeoXToLZb7sa,女,2003-08-04,空间信息与数字技术,2024,2024002001,2024-09-01,active,2024023003@bupt.edu.cn,19245171704,2025-11-17 13:39:48,2025-11-17 13:39:48
2024023006,许桂花,$2b$12$RUPM9lO9V8.0CXIjw1g7iuimjgtWseuCqJU9dJoFdVOdiWfXuh4A6,男,2002-06-18,空间信息与数字技术,2024,2024002001,2024-09-01,active,2024023006@bupt.edu.cn,15288914620,2025-11-17 13:39:48,2025-11-17 13:39:48
2024023009,黄畅,$2b$12$MiEcs1dtKGDETQhUuEEE2ubRgDCVjS5zsbxVgdRMNHC1jXpf.Q/BS,女,2003-06-22,空间信息与数字技术,2024,2024002001,2024-09-01,active,2024023009@bupt.edu.cn,19140736445,2025-11-17 13:39:48,2025-11-17 13:39:48
2024023012,丁桂珍,$2b$12$R5LMktaFTQArIXih5bWh5et/ZREgV5mGpzKF9S4rRmGS95020CBmi,女,2003-12-21,空间信息与数字技术,2024,2024002002,2024-09-01,active,2024023012@bupt.edu.cn,17832454844,2025-11-17 13:39:48,2025-11-17 13:39:48
2024023015,徐瑞,$2b$12$FBakJ8izxbDwDOhO.vw01.S1E/iMZ2rAqH0g62Snp4w7PpkiOu/RW,男,2004-11-25,空间信息与数字技术,2024,2024002002,2024-09-01,active,2024023015@bupt.edu.cn,17794103161,2025-11-17 13:39:48,2025-11-17 13:39:48
2024023018,叶成,$2b$12$sVvtO/h/qwIL0S4gv1ncy.LOjABlff8xqlC.7vk5ga8pE0eliBpae,男,2002-05-10,空间信息与数字技术,2024,2024002002,2024-09-01,active,2024023018@bupt.edu.cn,16890256886,2025-11-17 13:39:48,2025-11-17 13:39:48
2024031001,席明,$2b$12$i1dLkEukKXvsjRdqp.DnU.F4t3NkBprB/HN/eDPerlR7VcTaDC1di,女,2002-07-08,网络空间安全,2024,2024003001,2024-09-01,active,2024031001@bupt.edu.cn,15097372298,2025-11-17 13:39:48,2025-11-17 13:39:48
2024031004,张成,$2b$12$n8ue6V9u3RisERSgs.RPV.PxPdkPA8wp2Dkiv9fJ/OR/xhvrQL7bG,男,2003-10-14,网络空间安全,2024,2024003001,2024-09-01,active,2024031004@bupt.edu.cn,17161503990,2025-11-17 13:39:48,2025-11-17 13:39:48
2024031007,周红霞,$2b$12$67CGMVYTPibtgUyhb/VWqelQyAqbeW84UQ9fZo6TpAI.t9gIO3OK.,男,2001-06-15,网络空间安全,2024,2024003001,2024-09-01,active,2024031007@bupt.edu.cn,14112969435,2025-11-17 13:39:48,2025-11-17 13:39:48
2024031010,郭霞,$2b$12$zppU60GW1CxpokC2QlaK0ujnQ93LiJk2jfsaOcfDhKHHZdBZzHtNG,女,2004-01-21,网络空间安全,2024,2024003001,2024-09-01,active,2024031010@bupt.edu.cn,19609082455,2025-11-17 13:39:48,2025-11-17 13:39:48
2024031013,沈建华,$2b$12$Or15rkLIC3qGKoP8f4fE8umLrVksS.JB7/o86P1gZi4jfCh7Z1zom,女,2004-10-03,网络空间安全,2024,2024003002,2024-09-01,active,2024031013@bupt.edu.cn,16430558979,2025-11-17 13:39:48,2025-11-17 13:39:48
2024031016,赵宇,$2b$12$8K9ySFXEiXOjzwaxR8LoHuL6oWHJhL0/fEajtc6pYWkgDgDVZy.Im,女,2002-09-25,网络空间安全,2024,2024003002,2024-09-01,active,2024031016@bupt.edu.cn,15252179693,2025-11-17 13:39:48,2025-11-17 13:39:48
2024032002,刘岩,$2b$12$2/DEGwxlAVUjKduCxmWMM.Aw66ofSTP7dnKCAkUW.MsPGN18.pOPC,男,2004-04-23,信息安全,2024,2024003001,2024-09-01,active,2024032002@bupt.edu.cn,16647289884,2025-11-17 13:39:48,2025-11-17 13:39:48
2024032005,李旭,$2b$12$9ojL8xAW0SxR9FSWUIvP5.Y.oSTrilTtRyVNyDdcOT0qVoMrNDSUO,女,2002-02-26,信息安全,2024,2024003001,2024-09-01,active,2024032005@bupt.edu.cn,19950938243,2025-11-17 13:39:48,2025-11-17 13:39:48
2024032008,韩想,$2b$12$J3p.SLvzc.KAHsNVQrKxQejnXG7nT2rPy.MbiTNCkJ3vjhCF9ajrq,女,2002-08-16,信息安全,2024,2024003001,2024-09-01,active,2024032008@bupt.edu.cn,15699899553,2025-11-17 13:39:48,2025-11-17 13:39:48
2024032011,劳红,$2b$12$lwOP3g0cz4kXNYrhFErHeutkbDAqCDRrvefSg6vyGnAl.7/qJ2LVi,女,2002-09-06,信息安全,2024,2024003002,2024-09-01,active,2024032011@bupt.edu.cn,13911658373,2025-11-17 13:39:48,2025-11-17 13:39:48
2024032014,王丽,$2b$12$M7WtJgBNLGS3DR1pmAEv8e6tdtti0TDqXh/jx0/1.faqD38z0ZIBG,男,2003-07-02,信息安全,2024,2024003002,2024-09-01,active,2024032014@bupt.edu.cn,13629517065,2025-11-17 13:39:48,2025-11-17 13:39:48
2024033003,朱颖,$2b$12$U7aCS79D7MwDcmSp7n7x9uESJDqa5i7un1gJ/XS9Mz7riJ5nLYIb2,男,2002-06-18,密码科学与技术,2024,2024003001,2024-09-01,active,2024033003@bupt.edu.cn,14043598922,2025-11-17 13:39:48,2025-11-17 13:39:48
2024033006,许玲,$2b$12$UwI4ie86/7U666BiES0eMO2QWca3QMMkjuG4P4kuUT0onPEQFFH.y,女,2004-05-18,密码科学与技术,2024,2024003001,2024-09-01,active,2024033006@bupt.edu.cn,16238141144,2025-11-17 13:39:48,2025-11-17 13:39:48
2024033009,黄坤,$2b$12$CA4ARKUCdRU6CfHCwGqk.Ope0/I1t6Hw4puSezMzXvTZ3UZEzSofO,女,2003-10-22,密码科学与技术,2024,2024003001,2024-09-01,active,2024033009@bupt.edu.cn,18322596438,2025-11-17 13:39:48,2025-11-17 13:39:48
2024033012,贺梅,$2b$12$drC23Nrx78jZRAf3wt0N6.8zOzxajnRaa8m8pq.DjxX04DhvvXyoi,女,2004-03-11,密码科学与技术,2024,2024003002,2024-09-01,active,2024033012@bupt.edu.cn,17213459061,2025-11-17 13:39:48,2025-11-17 13:39:48
2024033015,傅红梅,$2b$12$KSSc7su5eQZLSx8kzJbCneMqd4gU5tQMfZ5NbQCgm.WJZA01890iC,女,2003-11-03,密码科学与技术,2024,2024003002,2024-09-01,active,2024033015@bupt.edu.cn,19094281243,2025-11-17 13:39:48,2025-11-17 13:39:48
2024041001,陈秀云,$2b$12$cr2o/8Ti8giH6wUEWksVYeMrdgOhYiRGMaVtM3sxgNmWQrq5EW7qe,男,2004-03-01,电子信息工程,2024,2024004001,2024-09-01,active,2024041001@bupt.edu.cn,19592616727,2025-11-17 13:39:48,2025-11-17 13:39:48
2024041004,王涛,$2b$12$9BngC43sy/DMwJ61Q2nVl.myd5NJF0T9ix5gVw2WhLWtMV.Hxl9FK,女,2003-07-29,电子信息工程,2024,2024004001,2024-09-01,active,2024041004@bupt.edu.cn,13030339162,2025-11-17 13:39:48,2025-11-17 13:39:48
2024041007,林英,$2b$12$B9yQWjklEbvUY8P.t02Mc.fKn/6gAAD3O4plbG3bbCaD8LBnXeU5y,男,2001-01-26,电子信息工程,2024,2024004001,2024-09-01,active,2024041007@bupt.edu.cn,13475133536,2025-11-17 13:39:48,2025-11-17 13:39:48
2024041010,王志强,$2b$12$xqYdxoSngdsRVSxWdW7HK.WKBNChKGpaRjyJqyq.5ITjjlwz13pMS,男,2001-03-21,电子信息工程,2024,2024004001,2024-09-01,active,2024041010@bupt.edu.cn,14948827723,2025-11-17 13:39:48,2025-11-17 13:39:48
2024041013,文敏,$2b$12$muQua5zCFYPEws..VgMMBeUl50j.4dC9fICxIHiNmGT1sRwg6ob.K,男,2002-03-03,电子信息工程,2024,2024004002,2024-09-01,active,2024041013@bupt.edu.cn,14363809822,2025-11-17 13:39:48,2025-11-17 13:39:48
2024041016,蒋红霞,$2b$12$mSbTJN2JBMyG1Ph1pVB/AeBXRSmvox5rizYmw0q7aa6wjwpmNY0SC,女,2002-04-25,电子信息工程,2024,2024004002,2024-09-01,active,2024041016@bupt.edu.cn,19087000119,2025-11-17 13:39:48,2025-11-17 13:39:48
2024042002,傅婷婷,$2b$12$l/zJip3hba1J94VdxJSjxeEn18US.rq60Qi5Yh58k4LVqNXeZhnUq,男,2001-05-18,电子科学与技术,2024,2024004001,2024-09-01,active,2024042002@bupt.edu.cn,16185872973,2025-11-17 13:39:48,2025-11-17 13:39:48
2024042005,向玉英,$2b$12$/edhQ3jYa2hZZ/IngRplOOSW1Evtp6KM.xY.nxANAx1ddk8TI4P.a,男,2002-04-02,电子科学与技术,2024,2024004001,2024-09-01,active,2024042005@bupt.edu.cn,19975071238,2025-11-17 13:39:48,2025-11-17 13:39:48
2024042008,王阳,$2b$12$ia.oDZ2fKxcsrsdmaGDdt.WgoiVNFqitk1M3VPKD/MPrzb.D7s8gy,女,2003-09-28,电子科学与技术,2024,2024004001,2024-09-01,active,2024042008@bupt.edu.cn,14093695818,2025-11-17 13:39:48,2025-11-17 13:39:48
2024042011,彭丽,$2b$12$hTg0g6ylIZG1WjaQKF8P6.haJIfme9Y2M1fJuFuvZ5JpUOHU6c.D6,男,2004-05-05,电子科学与技术,2024,2024004002,2024-09-01,active,2024042011@bupt.edu.cn,13405689424,2025-11-17 13:39:48,2025-11-17 13:39:48
2024042014,刘峰,$2b$12$URNfZNUk4D2sgrTOQoUQau71MJ9R.uRr7wcHJda1/JX5J2C6U7HEq,男,2003-04-08,电子科学与技术,2024,2024004002,2024-09-01,active,2024042014@bupt.edu.cn,18036354650,2025-11-17 13:39:48,2025-11-17 13:39:48
2024042017,李艳,$2b$12$MWG/IMlSphJqLSRcsB78/em6XO2N6fDCQgS9cgb.c01Yi1DXovB6C,女,2002-01-05,电子科学与技术,2024,2024004002,2024-09-01,active,2024042017@bupt.edu.cn,19394557648,2025-11-17 13:39:48,2025-11-17 13:39:48
2024043003,瞿娟,$2b$12$NTPsCq2vWuDTPFR2Cildne7Lsu3DIqgFLxJ1pPAbxE9pQlZpsDxCK,男,2001-12-25,光电信息科学与工程,2024,2024004001,2024-09-01,active,2024043003@bupt.edu.cn,16531562923,2025-11-17 13:39:48,2025-11-17 13:39:48
2024043006,何丹丹,$2b$12$mc9shU1TXTOTiAmb6Kv2leavvtUhO3ISSfcknkh6JN4nh5FQ0S9.W,女,2003-08-28,光电信息科学与工程,2024,2024004001,2024-09-01,active,2024043006@bupt.edu.cn,18566995091,2025-11-17 13:39:48,2025-11-17 13:39:48
2024043009,王玉梅,$2b$12$JmGmIhZwU/yEH9zm277/kuJ0pg0yOTdSdMKvNH6oj8esxxlfyr40S,女,2004-08-24,光电信息科学与工程,2024,2024004001,2024-09-01,active,2024043009@bupt.edu.cn,18535672988,2025-11-17 13:39:48,2025-11-17 13:39:48
2024043012,林淑华,$2b$12$oGPFeqTQMtJo77MqOXfisu6KW1doK1hImzvKZLM9VFhUcQlorevCe,男,2003-06-09,光电信息科学与工程,2024,2024004002,2024-09-01,active,2024043012@bupt.edu.cn,14688069041,2025-11-17 13:39:48,2025-11-17 13:39:48
2024043015,朱梅,$2b$12$wUZTJuOACBW4lzbr.nPGM.n8rAo/ORyM3P1tGH7lHN7C9J48FIi62,女,2003-05-22,光电信息科学与工程,2024,2024004002,2024-09-01,active,2024043015@bupt.edu.cn,16352974783,2025-11-17 13:39:48,2025-11-17 13:39:48
2024043018,胡佳,$2b$12$40od/xAEeAldspNKHpUjUO15qkrDflMBZQOnd0ceUJnQLoAQCY8F6,男,2004-06-28,光电信息科学与工程,2024,2024004002,2024-09-01,active,2024043018@bupt.edu.cn,17617122902,2025-11-17 13:39:48,2025-11-17 13:39:48
2024051001,马伟,$2b$12$/jIvISuSpzt6/wdg866BAeenyAZMPkvHkAyB2t2mzFhGt.NeeehRe,女,2002-01-21,物流工程,2024,2024005001,2024-09-01,active,2024051001@bupt.edu.cn,13873184629,2025-11-17 13:39:48,2025-11-17 13:39:48
2024051003,赵玉兰,$2b$12$BC/uA5IdTO0oTLEZG0PrVuuAMwE4t43x8AIF1qCQ1eG2GzjrJAvYa,男,2004-12-11,物流工程,2024,2024005001,2024-09-01,active,2024051003@bupt.edu.cn,14932295874,2025-11-17 13:39:48,2025-11-17 13:39:48
2024051005,张丽娟,$2b$12$Ls3zuGCOKmY6rSKbavjbaulYZ3Fu2T4KOjF5X8wiYe9CTzh2dYrAm,女,2003-08-22,物流工程,2024,2024005001,2024-09-01,active,2024051005@bupt.edu.cn,19226125833,2025-11-17 13:39:48,2025-11-17 13:39:48
2024051007,李东,$2b$12$DC/mxDX98QsPEoLM3Wt/3uRzwnZb6QpfXoA3fCkeOYBvAr8gyhvEC,女,2005-08-27,物流工程,2024,2024005001,2024-09-01,active,2024051007@bupt.edu.cn,14967402192,2025-11-17 13:39:48,2025-11-17 13:39:48
2024051009,黄宇,$2b$12$CSE.FePcxrdpzRO2Z.qGMuPIMHUVs3Q0ym6dDUqsh0TFt.qhLkZpy,男,2003-01-25,物流工程,2024,2024005001,2024-09-01,active,2024051009@bupt.edu.cn,17290842156,2025-11-17 13:39:48,2025-11-17 13:39:48
2024051011,史淑兰,$2b$12$kjB0ZkBZqwjhmdzsjDdPOOxbqhwKG3/dsr2ru95yQcvDTJ3P19uLO,男,2003-08-06,物流工程,2024,2024005002,2024-09-01,active,2024051011@bupt.edu.cn,15114094419,2025-11-17 13:39:48,2025-11-17 13:39:48
2024051013,林霞,$2b$12$T93R/0bl7ZJLabgdVRxz6eiqALh3kOO/LRUKM66eNatBJ59xsScgy,男,2004-07-10,物流工程,2024,2024005002,2024-09-01,active,2024051013@bupt.edu.cn,16240781762,2025-11-17 13:39:48,2025-11-17 13:39:48
2024051015,张帅,$2b$12$NkZiobt/KNoedCqVUmy4U.gpagSskCxizs7oZd2IrYxt9LfHJYePO,男,2004-02-28,物流工程,2024,2024005002,2024-09-01,active,2024051015@bupt.edu.cn,16396425328,2025-11-17 13:39:48,2025-11-17 13:39:48
2024051017,姚秀华,$2b$12$frMeKMd0LARPj6ZbB.ihuu.QtV/IaQaIWZ6vhW9gDCTLA9.K7vI2y,女,2003-06-13,物流工程,2024,2024005002,2024-09-01,active,2024051017@bupt.edu.cn,13825811398,2025-11-17 13:39:48,2025-11-17 13:39:48
2024052002,李飞,$2b$12$mkBaLXw3e46zMe1LnB7s5eBtNGkkC0g3eyzGyBnj.Jp6vGYZjTfxi,女,2001-03-06,邮政管理,2024,2024005001,2024-09-01,active,2024052002@bupt.edu.cn,14328397530,2025-11-17 13:39:48,2025-11-17 13:39:48
2024052004,张建华,$2b$12$vlnta7HVHizE42OdHk3C8Ox8EfilalixURLHjXeedHbpMzhd.kERG,男,2003-03-02,邮政管理,2024,2024005001,2024-09-01,active,2024052004@bupt.edu.cn,13871348291,2025-11-17 13:39:48,2025-11-17 13:39:48
2024052006,曾玲,$2b$12$cIRteW1DpIK69Qycw/yhl.O2N8wNu3kEKV0Z9UseN8jlyuS6Vvrgu,男,2003-07-22,邮政管理,2024,2024005001,2024-09-01,active,2024052006@bupt.edu.cn,19027136382,2025-11-17 13:39:48,2025-11-17 13:39:48
2024052008,宋玉梅,$2b$12$JdX1EchQK3qifbBkPdYZ9O7./H2cCrNN/UuNRa954.6eAr/u8KwtW,女,2003-07-03,邮政管理,2024,2024005001,2024-09-01,active,2024052008@bupt.edu.cn,19315096569,2025-11-17 13:39:48,2025-11-17 13:39:48
2024052010,彭勇,$2b$12$UnYR8xya//YvZ9D9cMqeIeYZkBzIS9vu3VutpJkJPDKECAZQ.Q.PS,男,2003-01-29,邮政管理,2024,2024005001,2024-09-01,active,2024052010@bupt.edu.cn,17936203800,2025-11-17 13:39:48,2025-11-17 13:39:48
2024052012,鲁博,$2b$12$yAs548p7CoiKjLJRu0D4c.DEXAmq4FtjhH2PIbIA1kV/SmkjsxzSK,男,2003-10-18,邮政管理,2024,2024005002,2024-09-01,active,2024052012@bupt.edu.cn,15565840511,2025-11-17 13:39:48,2025-11-17 13:39:48
2024052014,刘斌,$2b$12$xpHcUDxQnfJ3Inw6Ml8aceb/VR80P5JxOnnJydvnwFJ43U8PPzlGu,男,2003-04-20,邮政管理,2024,2024005002,2024-09-01,active,2024052014@bupt.edu.cn,18427315471,2025-11-17 13:39:48,2025-11-17 13:39:48
2024052016,李想,$2b$12$wAat/vtsPzvSJlHPkuNsuecSfCK5W4DIc7rbdo6/xxQ2Z2xz82jCq,女,2004-12-11,邮政管理,2024,2024005002,2024-09-01,active,2024052016@bupt.edu.cn,14962731970,2025-11-17 13:39:48,2025-11-17 13:39:48
2024061001,朱荣,$2b$12$WhvoOdd/w4rrRQ3VksFJo.ljc/ussIv8HU9vbK1j39.qxScIAmEUm,男,2002-05-10,人工智能,2024,2024006001,2024-09-01,active,2024061001@bupt.edu.cn,18138554746,2025-11-17 13:39:48,2025-11-17 13:39:48
2024061004,潘莹,$2b$12$THOBI.nspzrgzIpm5rf5dO9IIyzYFDZy19MS0tfJ.yoXjO/YlD6Sm,男,2004-12-19,人工智能,2024,2024006001,2024-09-01,active,2024061004@bupt.edu.cn,15108659995,2025-11-17 13:39:48,2025-11-17 13:39:48
2024061007,颜兵,$2b$12$VR.UxLIzByjk7fsGV21OAeWI4OVMcxFm4lirXrkXU7Qnft.1eWOJm,女,2003-02-17,人工智能,2024,2024006001,2024-09-01,active,2024061007@bupt.edu.cn,14468920414,2025-11-17 13:39:48,2025-11-17 13:39:48
2024061010,刘瑜,$2b$12$B4GrP39aqWOde4ihv2qcfONwiJkiDr6/T/exy9JdpDVRCBKX8w.rq,女,2003-05-30,人工智能,2024,2024006001,2024-09-01,active,2024061010@bupt.edu.cn,18138175817,2025-11-17 13:39:48,2025-11-17 13:39:48
2024061013,罗玉珍,$2b$12$hQr6RN0E9G71/8O3TVD/De4VlykAwYsQvMpOcT8HkIIME6jH16Y5q,女,2003-10-03,人工智能,2024,2024006002,2024-09-01,active,2024061013@bupt.edu.cn,16723222653,2025-11-17 13:39:48,2025-11-17 13:39:48
2024061016,陈桂珍,$2b$12$F27AHdFEBWz71sqMesIO9.QSeFxxTJqWc.fGnFWvdI1aWwsR8Ye72,男,2003-07-26,人工智能,2024,2024006002,2024-09-01,active,2024061016@bupt.edu.cn,17542300974,2025-11-17 13:39:48,2025-11-17 13:39:48
2024062002,潘欢,$2b$12$BKRk4fHqQOYXxAI3LJIYhuKO.yY4ef2DajGAWXWcprsLlfFZTtAH2,女,2003-07-31,生物医学工程,2024,2024006001,2024-09-01,active,2024062002@bupt.edu.cn,17837952220,2025-11-17 13:39:48,2025-11-17 13:39:48
2024062005,赵娟,$2b$12$Dq754QZTfuNDXEGdJjBrlurGIh1LkhKHtPBp4pzderL413zj51Gru,女,2003-03-26,生物医学工程,2024,2024006001,2024-09-01,active,2024062005@bupt.edu.cn,13892853675,2025-11-17 13:39:48,2025-11-17 13:39:48
2024062008,谢玉,$2b$12$eiiTzVxokKV6/sr2p/0DoeksSG74zho84F4MB.8rJshyqgwa61GR.,女,2003-06-15,生物医学工程,2024,2024006001,2024-09-01,active,2024062008@bupt.edu.cn,14290496343,2025-11-17 13:39:48,2025-11-17 13:39:48
2024062011,张利,$2b$12$wLk.HJieNILJoagTPy2GdeUjc.khiRzv8dDieyyamXWVt5DPJo6RK,女,2005-09-21,生物医学工程,2024,2024006002,2024-09-01,active,2024062011@bupt.edu.cn,17355730140,2025-11-17 13:39:48,2025-11-17 13:39:48
2024062014,孙丽华,$2b$12$dIzJ/dxfkFhNlp0.mDT.euxE8qgTh1Q6T7vpin6dgkBFpFDzh84vG,女,2003-11-04,生物医学工程,2024,2024006002,2024-09-01,active,2024062014@bupt.edu.cn,13050542626,2025-11-17 13:39:48,2025-11-17 13:39:48
2024062017,林玉兰,$2b$12$o0mqAnAWHdEdfaO/L2r/QOjXNN.CmAVy7QcVuaTDP3UT/o.lrD9qK,女,2001-09-12,生物医学工程,2024,2024006002,2024-09-01,active,2024062017@bupt.edu.cn,13370732904,2025-11-17 13:39:48,2025-11-17 13:39:48
2024063003,张秀英,$2b$12$6Pqt62h8j/CE2b7.Mcb80uLL3Im.aUhtbKfUQbOdCCeXBcPobYy4W,男,2004-05-06,自动化,2024,2024006001,2024-09-01,active,2024063003@bupt.edu.cn,15565078667,2025-11-17 13:39:48,2025-11-17 13:39:48
2024063006,罗伟,$2b$12$1QYiU3sNdOhmlrapWKf2Te9cetPy5QQMWiAJGV99L66A7pkJLbCga,女,2005-01-02,自动化,2024,2024006001,2024-09-01,active,2024063006@bupt.edu.cn,17126174642,2025-11-17 13:39:48,2025-11-17 13:39:48
2024063009,王岩,$2b$12$rSjk2krq0DjfmOwU/5IuAevDPdcdXQXZwjqFEDSbCwHe.BzdhuIGq,男,2003-03-02,自动化,2024,2024006001,2024-09-01,active,2024063009@bupt.edu.cn,17345207300,2025-11-17 13:39:48,2025-11-17 13:39:48
2024063012,龙畅,$2b$12$v5SWtEl/2RGmNcleQMlzEuOGvW6fFgMEbmXRfDrqPt0NXy/aFJ6GO,男,2001-10-23,自动化,2024,2024006002,2024-09-01,active,2024063012@bupt.edu.cn,17190215049,2025-11-17 13:39:48,2025-11-17 13:39:48
2024063015,马桂香,$2b$12$qDUTkflKVtfed//Mlql/vODewK9Baq9Q7X6gRdbzraPqikeAtjYzm,男,2002-03-18,自动化,2024,2024006002,2024-09-01,active,2024063015@bupt.edu.cn,16263191771,2025-11-17 13:39:48,2025-11-17 13:39:48
2024071001,徐荣,$2b$12$j/w68RkXV3RugUGw.w4Xa.3mDCq8gyYAIUBi3A4tHjN48fKXeJCHC,女,2001-05-21,电子信息工程（国际）,2024,2024007001,2024-09-01,active,2024071001@bupt.edu.cn,19622822660,2025-11-17 13:39:48,2025-11-17 13:39:48
2024071005,何兵,$2b$12$Rr1Q6UZ0hzGrLItcApM.fuU6AJSMuY99saqGBtfyjN2Gv.7zrs66G,男,2001-07-10,电子信息工程（国际）,2024,2024007001,2024-09-01,active,2024071005@bupt.edu.cn,14634694658,2025-11-17 13:39:48,2025-11-17 13:39:48
2024071009,萧冬梅,$2b$12$C.M48nhngxXtWCZ2oPsWo.JSKC3t6yx4nIgoRf7Qa7TA0uFBzaaOa,女,2004-08-10,电子信息工程（国际）,2024,2024007001,2024-09-01,active,2024071009@bupt.edu.cn,18519122418,2025-11-17 13:39:48,2025-11-17 13:39:48
2024071013,张伟,$2b$12$peiwxraReCuAvw/Jr3sQyOE48tf.9CSaFbRwIFHxqHV.JF0cow76.,女,2003-05-06,电子信息工程（国际）,2024,2024007002,2024-09-01,active,2024071013@bupt.edu.cn,15144890562,2025-11-17 13:39:48,2025-11-17 13:39:48
2024071017,杨丽娟,$2b$12$FjEjrrz5boh9.twfAioN1.jf8ay/UzNN0qufVv99ebSyN8vvEddGy,男,2005-01-16,电子信息工程（国际）,2024,2024007002,2024-09-01,active,2024071017@bupt.edu.cn,19726229218,2025-11-17 13:39:48,2025-11-17 13:39:48
2024072002,骆荣,$2b$12$s26dSWHmquBBQdWVhGL0COnqt.3WTyAkPcEA8glPUfCn2/g23mffW,男,2004-07-09,计算机科学与技术（国际）,2024,2024007001,2024-09-01,active,2024072002@bupt.edu.cn,16353338903,2025-11-17 13:39:48,2025-11-17 13:39:48
2024072006,阎海燕,$2b$12$rKwYiO4Un1STYiJTC3pQ5.K3/s5aARXqY6lHapkLQNc8bcQTU/bce,男,2004-11-03,计算机科学与技术（国际）,2024,2024007001,2024-09-01,active,2024072006@bupt.edu.cn,15528037848,2025-11-17 13:39:48,2025-11-17 13:39:48
2024072010,郭秀梅,$2b$12$sytY13eH4Vv230qn8DPRrugw5FUeRWb3GvmboU84Q93wDOnIP/sXa,女,2003-07-13,计算机科学与技术（国际）,2024,2024007001,2024-09-01,active,2024072010@bupt.edu.cn,13040157203,2025-11-17 13:39:48,2025-11-17 13:39:48
2024072014,李淑珍,$2b$12$uARtYhrb2gQhS59IbsbGIuuJRP.Kx/fIzqY4cae/.0WkFw2dD9Pbi,女,2003-09-08,计算机科学与技术（国际）,2024,2024007002,2024-09-01,active,2024072014@bupt.edu.cn,19384962381,2025-11-17 13:39:48,2025-11-17 13:39:48
2024073003,谢文,$2b$12$LyRJ2LvvngJsVVxEukFdRO1laODg4tgcKNTnm2IwC7mWG8RRmlQ9q,男,2002-07-23,电信工程及管理（国际）,2024,2024007001,2024-09-01,active,2024073003@bupt.edu.cn,15692233883,2025-11-17 13:39:48,2025-11-17 13:39:48
2024073007,庞琴,$2b$12$AyrWaqse5CN5LdPr2WsvdeWpwkai1qgyxAKHEsAF/OjD4Ay4QP7Q6,女,2004-08-25,电信工程及管理（国际）,2024,2024007001,2024-09-01,active,2024073007@bupt.edu.cn,13221547987,2025-11-17 13:39:48,2025-11-17 13:39:48
2024073011,刘畅,$2b$12$Qvw.UrNE/XbuZyKWtNvaC.6fJklAyiMB7OMfbVsE5yTaBH.ho/mUG,男,2003-06-26,电信工程及管理（国际）,2024,2024007002,2024-09-01,active,2024073011@bupt.edu.cn,18072974752,2025-11-17 13:39:48,2025-11-17 13:39:48
2024073015,廖红霞,$2b$12$861b/u1Y6t8t41mWmDWNuuvdmT1MJ88creOnumW0CI5QS0WQl7gG6,女,2003-06-17,电信工程及管理（国际）,2024,2024007002,2024-09-01,active,2024073015@bupt.edu.cn,14167551458,2025-11-17 13:39:48,2025-11-17 13:39:48
2024074004,田雷,$2b$12$lhddoLkMIVIfoIk.wtJAYObt2J3rfe40il65jd4JARifW3GLyQSzC,男,2003-06-18,智能科学与技术（国际）,2024,2024007001,2024-09-01,active,2024074004@bupt.edu.cn,18138321203,2025-11-17 13:39:48,2025-11-17 13:39:48
2024074008,曾波,$2b$12$yxMj2M8X2u7g9WF2XsZ9KON6g0xSgw5QXSZnrcEpjKz9rLUITYPTm,男,2004-09-28,智能科学与技术（国际）,2024,2024007001,2024-09-01,active,2024074008@bupt.edu.cn,15805374422,2025-11-17 13:39:48,2025-11-17 13:39:48
2024074012,张秀芳,$2b$12$JrsM.AwhcAJBisys5xKCaOSG9GgE9xzMB2BkYMNf5Xmmypum28iMa,女,2005-11-20,智能科学与技术（国际）,2024,2024007002,2024-09-01,active,2024074012@bupt.edu.cn,15455271830,2025-11-17 13:39:48,2025-11-17 13:39:48
2024074016,王杰,$2b$12$8JNx212RQ3cUFKcYCVRx8.3/COTJNtyyv4P1jHO0up/xbvgihhiEC,男,2002-10-29,智能科学与技术（国际）,2024,2024007002,2024-09-01,active,2024074016@bupt.edu.cn,13312726702,2025-11-17 13:39:48,2025-11-17 13:39:48
2025011001,李梅,$2b$12$f1/h./DmyNXqzA68kS0/MeTUNKF7HOxisxLIYeIgClvJy.7tSvcWm,女,2002-06-11,计算机科学与技术,2025,2025001001,2025-09-01,active,2025011001@bupt.edu.cn,16135928720,2025-11-17 13:39:48,2025-11-17 13:39:48
2025011004,刘玉珍,$2b$12$d4H8BGkqvy4/Mv6riC9xM.TN.c62iTU/K6HD1f/17oGwuFooShMPO,男,2003-10-24,计算机科学与技术,2025,2025001001,2025-09-01,active,2025011004@bupt.edu.cn,17130852812,2025-11-17 13:39:48,2025-11-17 13:39:48
2025011007,周艳,$2b$12$r43ZKKuNlFmV0Fy/aCeHD.uR0aQcpRWKrjGntk8h8sF2cZkOtQE3q,男,2003-05-29,计算机科学与技术,2025,2025001001,2025-09-01,active,2025011007@bupt.edu.cn,15222603080,2025-11-17 13:39:48,2025-11-17 13:39:48
2025011010,丁华,$2b$12$AyoPOXlU9qs9CxfD.syiSutMp3NSK.O.KYQUe2B3naeV8NKGDwIM6,女,2003-09-22,计算机科学与技术,2025,2025001001,2025-09-01,active,2025011010@bupt.edu.cn,13580653990,2025-11-17 13:39:48,2025-11-17 13:39:48
2025011013,曾磊,$2b$12$kLcE/R0e/VQMn6qCtLcqvO4EVga6gYd3aUtC6ZVEWY8RYRmdzd81G,女,2002-06-13,计算机科学与技术,2025,2025001002,2025-09-01,active,2025011013@bupt.edu.cn,19124004446,2025-11-17 13:39:48,2025-11-17 13:39:48
2025011016,王林,$2b$12$40SFFnzKnDpKsf5hyGng9utANHyjYEG4l5mCe14IHS0oEHkxEBv8a,女,2003-09-06,计算机科学与技术,2025,2025001002,2025-09-01,active,2025011016@bupt.edu.cn,18728922492,2025-11-17 13:39:48,2025-11-17 13:39:48
2025012002,彭建,$2b$12$fGUt3KM7uzPnuHdcZbZUuul.blR1lFG7JCa1mDaow1weK3rz/froG,女,2003-08-21,软件工程,2025,2025001001,2025-09-01,active,2025012002@bupt.edu.cn,18658946021,2025-11-17 13:39:48,2025-11-17 13:39:48
2025012005,刘彬,$2b$12$PA77k2K1XOQq4UG14IjxMuuBZb6kqF7uhJPBuYguncP4TiVZJZFWS,女,2003-06-08,软件工程,2025,2025001001,2025-09-01,active,2025012005@bupt.edu.cn,13515538195,2025-11-17 13:39:48,2025-11-17 13:39:48
2025012008,郭畅,$2b$12$NV0PjdaPicff7zC5Eu2Z.uk/q8Dj4pSRLrSBKLOwfVzDZcAtfMKNq,男,2004-10-26,软件工程,2025,2025001001,2025-09-01,active,2025012008@bupt.edu.cn,13176015036,2025-11-17 13:39:48,2025-11-17 13:39:48
2025012011,蔡倩,$2b$12$HdCE7mtFVpkaVRMQv5fmhuJ9jG0WKMgrZ4LGRsbWzGpZOyKkUTpry,男,2003-10-02,软件工程,2025,2025001002,2025-09-01,active,2025012011@bupt.edu.cn,13020753341,2025-11-17 13:39:48,2025-11-17 13:39:48
2025012014,杨凤英,$2b$12$KeKON9Ayvp1N4P29ODPxxe5Fk3LB9zElSyhFw54IxPPX/WPIHk3ka,女,2004-09-13,软件工程,2025,2025001002,2025-09-01,active,2025012014@bupt.edu.cn,15001491333,2025-11-17 13:39:48,2025-11-17 13:39:48
2025013003,孙莉,$2b$12$j6/V1LAivR/8saVwHGwQAudCqU.GsNf6ay2UiHzG816BV8.R/VGPG,女,2004-02-17,数据科学与大数据技术,2025,2025001001,2025-09-01,active,2025013003@bupt.edu.cn,18850647066,2025-11-17 13:39:48,2025-11-17 13:39:48
2025013006,张林,$2b$12$Yn3CB2MrjY4uSo6i7tmJtuvfOCD4jTivx0jL/BLvCTMJ4SY3HlQAq,男,2003-07-06,数据科学与大数据技术,2025,2025001001,2025-09-01,active,2025013006@bupt.edu.cn,15350415420,2025-11-17 13:39:48,2025-11-17 13:39:48
2025013009,吴鹏,$2b$12$1M/ff9DkgqGylXPFVPEj5.m8YOZlRnnv9zA0WXgXCVvr6cgmThmNy,男,2004-03-05,数据科学与大数据技术,2025,2025001001,2025-09-01,active,2025013009@bupt.edu.cn,19135885641,2025-11-17 13:39:48,2025-11-17 13:39:48
2025013012,邝艳,$2b$12$S6sILcmSfm3nLPc8/vcrFeRBv3EHStSxEaY0oHC0v3cVQtVTiz/Dy,男,2003-03-08,数据科学与大数据技术,2025,2025001002,2025-09-01,active,2025013012@bupt.edu.cn,14784917713,2025-11-17 13:39:48,2025-11-17 13:39:48
2025013015,张丽丽,$2b$12$zhEascE4QRC8SWKgaVG4He3Ea7AjyTbd8.ik9KqMeujXKB5n6nCQG,男,2004-10-17,数据科学与大数据技术,2025,2025001002,2025-09-01,active,2025013015@bupt.edu.cn,18690727447,2025-11-17 13:39:48,2025-11-17 13:39:48
2025021001,兰桂兰,$2b$12$1rZ23/vYZHxFcjRF4sn/ZuDhlbqM24c.rN.XIB6NpdrhjKo38VbNu,女,2003-08-25,信息工程,2025,2025002001,2025-09-01,active,2025021001@bupt.edu.cn,13813607225,2025-11-17 13:39:48,2025-11-17 13:39:48
2025021004,侯秀荣,$2b$12$wUPWjEh1oGj9uowSZ4QvMOrVYPxXbx7azHXs2bQ2Y1PqneOQW4z9O,男,2001-08-10,信息工程,2025,2025002001,2025-09-01,active,2025021004@bupt.edu.cn,19212565966,2025-11-17 13:39:48,2025-11-17 13:39:48
2025021007,王鹏,$2b$12$eqzb5.xZ5W1X821MNQPpkOVin7WrnePGJr4sYNiDeWz./o3wTgQ8m,男,2004-03-06,信息工程,2025,2025002001,2025-09-01,active,2025021007@bupt.edu.cn,17491621611,2025-11-17 13:39:48,2025-11-17 13:39:48
2025021010,赵静,$2b$12$xLrwiUrwwvxA/m8/3tHcLuLs7H4PRWBdXgTUZ0c2N.P4pXGXI53Zy,女,2001-04-26,信息工程,2025,2025002001,2025-09-01,active,2025021010@bupt.edu.cn,15494039078,2025-11-17 13:39:48,2025-11-17 13:39:48
2025021013,林坤,$2b$12$.mox7OEB5d9imvI.lZLbS.nz6N/WxRowjSo45UwQl8EXEZAoGfZdW,男,2002-07-11,信息工程,2025,2025002002,2025-09-01,active,2025021013@bupt.edu.cn,15042037762,2025-11-17 13:39:48,2025-11-17 13:39:48
2025021016,张建,$2b$12$TN/zMsEmi.2yz8.gQQGokuG/J0oEUwR/PpCLaljwkKqbqHVTrk05W,男,2002-06-12,信息工程,2025,2025002002,2025-09-01,active,2025021016@bupt.edu.cn,18869262747,2025-11-17 13:39:48,2025-11-17 13:39:48
2025022002,潘佳,$2b$12$TJd0k5BkE.MncEpSpCpUBeLUVyhK0jFkieHTjJWSMU1bHaoukZVpG,男,2003-05-27,通信工程,2025,2025002001,2025-09-01,active,2025022002@bupt.edu.cn,16832176028,2025-11-17 13:39:48,2025-11-17 13:39:48
2025022005,陈斌,$2b$12$8UT7tEmy0wxZUovb2cQQrulWmUQcVOcLQiiGJcgcjCaVFeDZlgruS,女,2004-01-25,通信工程,2025,2025002001,2025-09-01,active,2025022005@bupt.edu.cn,15425859192,2025-11-17 13:39:48,2025-11-17 13:39:48
2025022008,邓平,$2b$12$gEBjuS6oAwqAUM7iVFZz7.xrxeoi5R1hzhEOnCxy5LMAkPC6u/Dr.,女,2005-11-15,通信工程,2025,2025002001,2025-09-01,active,2025022008@bupt.edu.cn,17009868400,2025-11-17 13:39:48,2025-11-17 13:39:48
2025022011,任桂荣,$2b$12$NW00dNGGkitIEJRTtyG5l.vAzqYnCaHr.gCzEsf5l1D3qplThzTxm,男,2002-01-15,通信工程,2025,2025002002,2025-09-01,active,2025022011@bupt.edu.cn,15044922529,2025-11-17 13:39:48,2025-11-17 13:39:48
2025022014,聂岩,$2b$12$RVfWLjIdcXxwS4QsOPituu2j8hXK3geepyaEnoVCMFY1dzRqJXjeq,女,2006-03-26,通信工程,2025,2025002002,2025-09-01,active,2025022014@bupt.edu.cn,13267380276,2025-11-17 13:39:48,2025-11-17 13:39:48
2025023003,钟秀华,$2b$12$wDMr6ZGpN/Jddj0k99HmuuTUg1gRHYVg6EIEfQ4JmUGh88jx9LTNS,男,2002-12-25,空间信息与数字技术,2025,2025002001,2025-09-01,active,2025023003@bupt.edu.cn,16937049347,2025-11-17 13:39:48,2025-11-17 13:39:48
2025023006,吴荣,$2b$12$Xqi.yLngxK4WO6rREOzPqeVelyhGeI6BubEkQksLsMW5M0ghBOkpS,男,2002-03-02,空间信息与数字技术,2025,2025002001,2025-09-01,active,2025023006@bupt.edu.cn,19406145173,2025-11-17 13:39:48,2025-11-17 13:39:48
2025023009,李超,$2b$12$/ai5YHorgcRQa780d55DQOOgnIKgthm4vJAPlopAbyHfMaOkg1Nwe,女,2004-07-11,空间信息与数字技术,2025,2025002001,2025-09-01,active,2025023009@bupt.edu.cn,16243301054,2025-11-17 13:39:48,2025-11-17 13:39:48
2025023012,王成,$2b$12$fompj7d7I6s7eX4TCJGLXuChA2tjv7XjHZmUYh0aFfmL4Y5YhAxse,男,2004-07-08,空间信息与数字技术,2025,2025002002,2025-09-01,active,2025023012@bupt.edu.cn,15698291724,2025-11-17 13:39:48,2025-11-17 13:39:48
2025023015,王娜,$2b$12$Nq/hQpN7crvhEi0LiKg7KO9mBC0yfte/qZH3/HxOiLaXt0Pp72WUS,男,2004-02-02,空间信息与数字技术,2025,2025002002,2025-09-01,active,2025023015@bupt.edu.cn,19904624549,2025-11-17 13:39:48,2025-11-17 13:39:48
2025031001,徐静,$2b$12$mFG.a/nrX0TRIwLNUVGQWua9IFqIzOwXfI5LUrBC4IOPfditUsduS,女,2001-04-01,网络空间安全,2025,2025003001,2025-09-01,active,2025031001@bupt.edu.cn,19652927924,2025-11-17 13:39:48,2025-11-17 13:39:48
2025031004,孙雪梅,$2b$12$d/Bf1Vnn184/1zOBMXSwHuVmMnbPGV67oM947ZarLdRapqM6.FVH6,男,2006-03-26,网络空间安全,2025,2025003001,2025-09-01,active,2025031004@bupt.edu.cn,16733524716,2025-11-17 13:39:48,2025-11-17 13:39:48
2025031007,凌琳,$2b$12$l18aM1zLKVnyrN78E9ThFeot/t/PD7hvEofHuN0X70wtYAuC7ush6,女,2001-07-18,网络空间安全,2025,2025003001,2025-09-01,active,2025031007@bupt.edu.cn,17324765100,2025-11-17 13:39:48,2025-11-17 13:39:48
2025031010,郭琳,$2b$12$ua4sKYes3KU4IsobV0GQv.WANSPl7Ic2aQV.t5d.KGknmszTdhTGK,男,2003-06-12,网络空间安全,2025,2025003001,2025-09-01,active,2025031010@bupt.edu.cn,14375529416,2025-11-17 13:39:48,2025-11-17 13:39:48
2025031013,刘彬,$2b$12$6k00awSAYeijmOWmqpP.nea2KfiMVs34UFZw/l0fbBDNRoa574G4m,男,2001-05-12,网络空间安全,2025,2025003002,2025-09-01,active,2025031013@bupt.edu.cn,15802684043,2025-11-17 13:39:48,2025-11-17 13:39:48
2025031016,黄涛,$2b$12$G4VFRD/VnBZEelu.2SAtFeulkn3e0IiPqZIVESbmF23wW6NqlllTC,男,2004-09-09,网络空间安全,2025,2025003002,2025-09-01,active,2025031016@bupt.edu.cn,18792276865,2025-11-17 13:39:48,2025-11-17 13:39:48
2025032002,张燕,$2b$12$QHxavkEHXXz2sLB7k1oov.vT2zmr5ZY2pQP7hHCX/RBFjfWiu2E7u,男,2003-04-20,信息安全,2025,2025003001,2025-09-01,active,2025032002@bupt.edu.cn,16448619633,2025-11-17 13:39:48,2025-11-17 13:39:48
2025032005,晏林,$2b$12$lJAdbvy.ZXWD9HbCGUuwm.at1Fn.4oVvx9WdhRD/BnzBcwnQLgjHO,男,2002-11-13,信息安全,2025,2025003001,2025-09-01,active,2025032005@bupt.edu.cn,14582017159,2025-11-17 13:39:48,2025-11-17 13:39:48
2025032008,曾瑜,$2b$12$2XlMLETt5venGaZBfiIvxOJO.6waD1vLdhrxYCjejj85GWIopHmAa,男,2004-03-02,信息安全,2025,2025003001,2025-09-01,active,2025032008@bupt.edu.cn,14268946792,2025-11-17 13:39:48,2025-11-17 13:39:48
2025032011,杨峰,$2b$12$X/oKcD4rSy/QncWWqrzDFeGyJV/UKi92q1G0xqDgkC8VfonqyadYe,女,2003-06-15,信息安全,2025,2025003002,2025-09-01,active,2025032011@bupt.edu.cn,16296187425,2025-11-17 13:39:48,2025-11-17 13:39:48
2025032014,王建华,$2b$12$IC8lXEpeYBjelczbPMqlW.RpOy9YUjpj278L3oODZ9PRTibFKZl4C,女,2003-10-13,信息安全,2025,2025003002,2025-09-01,active,2025032014@bupt.edu.cn,14046964158,2025-11-17 13:39:48,2025-11-17 13:39:48
2025032017,吴华,$2b$12$2iNiJ1Xmfqod5OUCtfz8IeDK9sDGyPsDBW1JBN.72.osTWN/IHJt.,男,2006-03-01,信息安全,2025,2025003002,2025-09-01,active,2025032017@bupt.edu.cn,15295415917,2025-11-17 13:39:48,2025-11-17 13:39:48
2025033003,刘宇,$2b$12$vHxFOboVyj5oGE0BuG73wu7gd1FjmidEVH/ee59hUX3W4bexWsOZq,女,2004-06-03,密码科学与技术,2025,2025003001,2025-09-01,active,2025033003@bupt.edu.cn,15947940712,2025-11-17 13:39:48,2025-11-17 13:39:48
2025033006,吕伟,$2b$12$M.QkOLHWjp6oTAYzd5T3LOzfRsU.RDw.ld/s/u8iST1ClOhiEF6fC,男,2002-04-12,密码科学与技术,2025,2025003001,2025-09-01,active,2025033006@bupt.edu.cn,16626370940,2025-11-17 13:39:48,2025-11-17 13:39:48
2025033009,张英,$2b$12$yIPyuK41NDvM4MzsNCc7uOWDNg8BoTShtPUqn8aWmdqj68Iap1s2S,男,2003-08-04,密码科学与技术,2025,2025003001,2025-09-01,active,2025033009@bupt.edu.cn,14111558562,2025-11-17 13:39:48,2025-11-17 13:39:48
2025033012,陈建军,$2b$12$DZuvvGGl/awl2TTtCJHJf.XIaLxYlvynCaSRmgpltCiqRTpswEOA2,男,2003-05-19,密码科学与技术,2025,2025003002,2025-09-01,active,2025033012@bupt.edu.cn,17171403850,2025-11-17 13:39:48,2025-11-17 13:39:48
2025033015,祁娜,$2b$12$/IrjK6mzKGppSfuhon37VO0B/vOGIwEpRdTpHa1DPyg69OFkd/qhC,男,2003-09-22,密码科学与技术,2025,2025003002,2025-09-01,active,2025033015@bupt.edu.cn,19114448426,2025-11-17 13:39:48,2025-11-17 13:39:48
2025041001,刘梅,$2b$12$gMzNgbrPxoE3601IEYX7lOJ73PXj4c4uTNmxrF72x1O86OBPjkrbu,男,2003-05-28,电子信息工程,2025,2025004001,2025-09-01,active,2025041001@bupt.edu.cn,14461407419,2025-11-17 13:39:48,2025-11-17 13:39:48
2025041004,吴健,$2b$12$iJPlwDYDmb6zNbe10bqqVujCsEZE7c/WDslzmIZx/kJvObWS1Jkhq,男,2003-12-02,电子信息工程,2025,2025004001,2025-09-01,active,2025041004@bupt.edu.cn,16357826218,2025-11-17 13:39:48,2025-11-17 13:39:48
2025041007,陈玲,$2b$12$MrXyKuxnmRVYi/Nif9JGzuN7gAHZHKxTpI7BC4j8EMd9vFCCES9uO,男,2003-01-22,电子信息工程,2025,2025004001,2025-09-01,active,2025041007@bupt.edu.cn,16773289022,2025-11-17 13:39:48,2025-11-17 13:39:48
2025041010,朱宇,$2b$12$0Lse3.MuVLZhhX9x6N1bsO25nhgMpyEdXyirdA5zZVuAzzvMCiweS,男,2003-12-05,电子信息工程,2025,2025004001,2025-09-01,active,2025041010@bupt.edu.cn,15569626984,2025-11-17 13:39:48,2025-11-17 13:39:48
2025041013,李桂芳,$2b$12$hubZbVhLqyXw.ObYfsIEouuc5iZ/xTqPOcdXyk1miPVV6QwfDZgSe,男,2001-05-05,电子信息工程,2025,2025004002,2025-09-01,active,2025041013@bupt.edu.cn,13860097789,2025-11-17 13:39:48,2025-11-17 13:39:48
2025041016,程兰英,$2b$12$46pzJwKCHwj4pBUkTKVrJOKSb3GVW/LoIm47vTzi72ylq.FVNEZTG,男,2004-05-17,电子信息工程,2025,2025004002,2025-09-01,active,2025041016@bupt.edu.cn,16393970674,2025-11-17 13:39:48,2025-11-17 13:39:48
2025042002,叶勇,$2b$12$Oe/ctFwJ0bS0Ei6qz8ZHiuDvK5PI6t9gnFFGmRJRouX95Ur/0D0rq,女,2002-04-03,电子科学与技术,2025,2025004001,2025-09-01,active,2025042002@bupt.edu.cn,18169374965,2025-11-17 13:39:48,2025-11-17 13:39:48
2025042005,黄凯,$2b$12$/R/RDp/lI.g2m/oj16N5seKW889usXEuEDfMmpv/lnKujqx.piKna,女,2004-09-17,电子科学与技术,2025,2025004001,2025-09-01,active,2025042005@bupt.edu.cn,13291225754,2025-11-17 13:39:48,2025-11-17 13:39:48
2025042008,陈龙,$2b$12$TRsQN9Pf7j/8LnKg.1PoN.pIPXD8PEuO0su6W0QqfO.K8KwF2qwHu,女,2003-03-27,电子科学与技术,2025,2025004001,2025-09-01,active,2025042008@bupt.edu.cn,13182119462,2025-11-17 13:39:48,2025-11-17 13:39:48
2025042011,姜林,$2b$12$X2OYHe3ucFINM9V59ypSDu3YYXjeflnX18qXuOkBUaj7nSqMGowcy,女,2003-06-20,电子科学与技术,2025,2025004002,2025-09-01,active,2025042011@bupt.edu.cn,17147284202,2025-11-17 13:39:48,2025-11-17 13:39:48
2025042014,孙峰,$2b$12$j98YA/EYM3CCtiW5df0wJOIibpaJHjyZZeRz10MPTHURR120gkO5W,男,2001-10-24,电子科学与技术,2025,2025004002,2025-09-01,active,2025042014@bupt.edu.cn,14813590021,2025-11-17 13:39:48,2025-11-17 13:39:48
2025042017,张慧,$2b$12$wj0D0/TysO3u1gzWPzUuG.lGQHPReZO2lZIw1o3bKvUQlBzqcueMu,男,2006-08-14,电子科学与技术,2025,2025004002,2025-09-01,active,2025042017@bupt.edu.cn,15468626690,2025-11-17 13:39:48,2025-11-17 13:39:48
2025043003,曾建,$2b$12$QBurCcbjv.yMD9dMP82OZ.y.lrqny11Mm9sq26W5CMtCWVjY3bc72,女,2004-07-02,光电信息科学与工程,2025,2025004001,2025-09-01,active,2025043003@bupt.edu.cn,18471148075,2025-11-17 13:39:48,2025-11-17 13:39:48
2025043006,施刚,$2b$12$WRLoegBslyJfaZw.CnuwbuGv1krZoRxx7L2ARlq50j3657b9FA7wy,男,2003-09-27,光电信息科学与工程,2025,2025004001,2025-09-01,active,2025043006@bupt.edu.cn,16001329603,2025-11-17 13:39:48,2025-11-17 13:39:48
2025043009,尚建国,$2b$12$lunSePZg/ReaW49T/UnrjuMFGOVA1ug/FICTSuFgthtxkgZw2T3cO,男,2004-08-04,光电信息科学与工程,2025,2025004001,2025-09-01,active,2025043009@bupt.edu.cn,18326102283,2025-11-17 13:39:48,2025-11-17 13:39:48
2025043012,刘坤,$2b$12$izpTRTYeS0eAsm7roKnG2eJ3B7pm/llJksdunFLBX5VChnogJd.2W,男,2004-10-10,光电信息科学与工程,2025,2025004002,2025-09-01,active,2025043012@bupt.edu.cn,13548951903,2025-11-17 13:39:48,2025-11-17 13:39:48
2025043015,陈博,$2b$12$H.ns8orkJJ0MH7MNwTqIXuRk9fVOwxqNGeWpjLc71K4NjJYmjzie.,女,2004-10-14,光电信息科学与工程,2025,2025004002,2025-09-01,active,2025043015@bupt.edu.cn,13184152469,2025-11-17 13:39:48,2025-11-17 13:39:48
2025051001,费秀芳,$2b$12$G0bybiAgFg6xAH1M3e5jtuTMold0FBRka0vprKlhl4xlna07FIZgO,男,2004-06-28,物流工程,2025,2025005001,2025-09-01,active,2025051001@bupt.edu.cn,19123579318,2025-11-17 13:39:48,2025-11-17 13:39:48
2025051003,李雪,$2b$12$SDJ4Okm7EU4DYJm6rcRYLui6yjIbF.tpMRf6f8ZH41ofp4ZogPHRi,男,2002-02-01,物流工程,2025,2025005001,2025-09-01,active,2025051003@bupt.edu.cn,16601506316,2025-11-17 13:39:48,2025-11-17 13:39:48
2025051005,严静,$2b$12$0LdpzInDRXcajvPZj7/oZOEdsMBuVcddv3/PMjvuYv1VbmaIE0Tf2,男,2003-08-31,物流工程,2025,2025005001,2025-09-01,active,2025051005@bupt.edu.cn,18596143443,2025-11-17 13:39:48,2025-11-17 13:39:48
2025051007,陈想,$2b$12$JlDesa/VsQ1Bcr8j.4Mo/uvpnyCPt.O/aN/P7mjudajs3V8p5DrHi,男,2004-09-04,物流工程,2025,2025005001,2025-09-01,active,2025051007@bupt.edu.cn,14156737529,2025-11-17 13:39:48,2025-11-17 13:39:48
2025051009,李兰英,$2b$12$Jf31V4xPPNNXBZH8DLAFfesiODglzF9y7WKmlCU6ouXmoz5vvkq.S,女,2004-07-01,物流工程,2025,2025005001,2025-09-01,active,2025051009@bupt.edu.cn,19543391374,2025-11-17 13:39:48,2025-11-17 13:39:48
2025051011,白冬梅,$2b$12$OCPs40fOxuzJ1uCQyI4Kte3eIR76l/rlGOvR3Wy13kM4LvG3DomGi,男,2004-10-22,物流工程,2025,2025005002,2025-09-01,active,2025051011@bupt.edu.cn,13864587471,2025-11-17 13:39:48,2025-11-17 13:39:48
2025051013,马伟,$2b$12$EbitSXbsO1ZQzLORP4KBDuZC1d0XL8RDAdyo6uK42xdJGennVWjf6,男,2005-06-14,物流工程,2025,2025005002,2025-09-01,active,2025051013@bupt.edu.cn,14709178634,2025-11-17 13:39:48,2025-11-17 13:39:48
2025051015,刘龙,$2b$12$.VYi5iF4ka1HXkzyMYabguxfecsSSwGwxVA07B0EKPk1ZS4ppbqH2,女,2004-08-19,物流工程,2025,2025005002,2025-09-01,active,2025051015@bupt.edu.cn,14631668093,2025-11-17 13:39:48,2025-11-17 13:39:48
2025051017,李淑华,$2b$12$/PZPgJJGVJVklngEQrFgK.Ti0DXEgBgH0V66CHaikOKE2N24F7A0e,女,2003-11-05,物流工程,2025,2025005002,2025-09-01,active,2025051017@bupt.edu.cn,18019568775,2025-11-17 13:39:48,2025-11-17 13:39:48
2025052002,包桂花,$2b$12$VsPeDM3fNCGIHM9CAObnAumPwc.BFUd5bA5/KzRdCEFkaCd8EYC4G,男,2004-05-09,邮政管理,2025,2025005001,2025-09-01,active,2025052002@bupt.edu.cn,15216261995,2025-11-17 13:39:48,2025-11-17 13:39:48
2025052004,任玲,$2b$12$TH4NilXfJTYxEjWYNoFkdOAt7Ijfr/TWo5adG10l9w4mgxoxduX6m,女,2004-04-21,邮政管理,2025,2025005001,2025-09-01,active,2025052004@bupt.edu.cn,14659511065,2025-11-17 13:39:48,2025-11-17 13:39:48
2025052006,陈秀英,$2b$12$bthG4aXfaCTg0YIgZHFAvOri2AWaBMSQkHSXJaCKwBXwvPARiKrv6,女,2003-12-16,邮政管理,2025,2025005001,2025-09-01,active,2025052006@bupt.edu.cn,13319566757,2025-11-17 13:39:48,2025-11-17 13:39:48
2025052008,裴丹丹,$2b$12$eyuaEd9l7DvpxJd5ghkLBu52Ko9YnVc4H45hYx5hPZ.7TvCtsR19u,男,2001-06-19,邮政管理,2025,2025005001,2025-09-01,active,2025052008@bupt.edu.cn,14807214523,2025-11-17 13:39:48,2025-11-17 13:39:48
2025052010,张畅,$2b$12$X92K3d6.9duSf4tRoUm5jejxBu9zpS2kIAeX6RZy6akMefoO9pMMW,女,2002-10-19,邮政管理,2025,2025005001,2025-09-01,active,2025052010@bupt.edu.cn,15931456756,2025-11-17 13:39:48,2025-11-17 13:39:48
2025052012,曾慧,$2b$12$DATY7nPIC2EGs34RFCuOi.8U5T8N6P8lE9y3.nFfkzDjoJChhl2rK,男,2003-12-24,邮政管理,2025,2025005002,2025-09-01,active,2025052012@bupt.edu.cn,19631262548,2025-11-17 13:39:48,2025-11-17 13:39:48
2025052014,吴芳,$2b$12$sK94DvXX9KuEOY8beDydFurkVyvc3vSQolLimTUob7yCjrn47E7H2,女,2003-04-29,邮政管理,2025,2025005002,2025-09-01,active,2025052014@bupt.edu.cn,16827154815,2025-11-17 13:39:48,2025-11-17 13:39:48
2025052016,赵建华,$2b$12$f3o6XNRSbzK4XF.lhj9jLOA9aT0p.vd0yRqSCTcbUCWc1B9MUth2q,女,2001-12-20,邮政管理,2025,2025005002,2025-09-01,active,2025052016@bupt.edu.cn,16278748200,2025-11-17 13:39:48,2025-11-17 13:39:48
2025061001,宋波,$2b$12$a3fcSW7NdsPgvgEL1dhARe/.GlKi2aNkMM45d25PjfXOxd0da88dm,女,2004-07-31,人工智能,2025,2025006001,2025-09-01,active,2025061001@bupt.edu.cn,14554705480,2025-11-17 13:39:48,2025-11-17 13:39:48
2025061004,刘佳,$2b$12$dXTxnK8x8m56EaIXj/G.tu7ZIBd3xI5LpB2AfbkVdfPEpG0Jaz3HC,男,2001-11-10,人工智能,2025,2025006001,2025-09-01,active,2025061004@bupt.edu.cn,13247894305,2025-11-17 13:39:48,2025-11-17 13:39:48
2025061007,梁成,$2b$12$glIcZjXCsz7/nhyQ0MbkLuWkM3WNNAL4F45Q7JLxLBnC.ZS1QPN1i,男,2002-04-21,人工智能,2025,2025006001,2025-09-01,active,2025061007@bupt.edu.cn,17725430336,2025-11-17 13:39:48,2025-11-17 13:39:48
2025061010,江雪,$2b$12$7IJhw8svP9SwxOcrOKN0I.QvOJ0hhG2Jnr16vONwahwDIMEeNufgy,男,2001-02-17,人工智能,2025,2025006001,2025-09-01,active,2025061010@bupt.edu.cn,19561015043,2025-11-17 13:39:48,2025-11-17 13:39:48
2025061013,李燕,$2b$12$a22wtQGPmfBZswziLNJET.dXB8htWqhBYEjsBE63o/Mhi/OAcQVza,女,2005-02-02,人工智能,2025,2025006002,2025-09-01,active,2025061013@bupt.edu.cn,17142956255,2025-11-17 13:39:48,2025-11-17 13:39:48
2025061016,莫亮,$2b$12$kUjmSic30RKnlaZxRUquQud/utmmZO7P8mhHbL/pvYR9XPdJUhjE6,女,2003-10-24,人工智能,2025,2025006002,2025-09-01,active,2025061016@bupt.edu.cn,13907203592,2025-11-17 13:39:48,2025-11-17 13:39:48
2025062002,江雷,$2b$12$agePAAc9tZVXZwfUa8jSquiA5Ox9jDpSTQy3DtVPwwypOIpd2Fk1m,男,2005-09-04,生物医学工程,2025,2025006001,2025-09-01,active,2025062002@bupt.edu.cn,18708119858,2025-11-17 13:39:48,2025-11-17 13:39:48
2025062005,张瑜,$2b$12$5oJXKXp6s/C2QAuFD9uXHOU3/1W.m68AbYa6GFa5xt9kHx1ZOcxqe,男,2003-03-01,生物医学工程,2025,2025006001,2025-09-01,active,2025062005@bupt.edu.cn,13449277899,2025-11-17 13:39:48,2025-11-17 13:39:48
2025062008,姜伟,$2b$12$iDB3idUtWa1M1zfk3pZbm.XMOhCV5JXIissbqFTgeFyE2/qRVoDs.,男,2005-05-01,生物医学工程,2025,2025006001,2025-09-01,active,2025062008@bupt.edu.cn,19951763009,2025-11-17 13:39:48,2025-11-17 13:39:48
2025062011,张岩,$2b$12$uzm1e7ZiCdU3FNaREwOncOY35P1EZQB.pwRK/6hvzofbl.2yySWyq,男,2002-05-30,生物医学工程,2025,2025006002,2025-09-01,active,2025062011@bupt.edu.cn,16410355818,2025-11-17 13:39:48,2025-11-17 13:39:48
2025062014,黄慧,$2b$12$epU3Y7MNdTWhElXz5Hfrouvj0OdQkrTqGDO34IUKAGbHbY4o6nOJ6,男,2002-08-30,生物医学工程,2025,2025006002,2025-09-01,active,2025062014@bupt.edu.cn,13154439445,2025-11-17 13:39:48,2025-11-17 13:39:48
2025062017,刘淑珍,$2b$12$nYI/IKVS0MNec2hvXwdT2u4wxgc.A9R8srzLjlVwI8wSkAR2k.LmC,女,2002-07-10,生物医学工程,2025,2025006002,2025-09-01,active,2025062017@bupt.edu.cn,17238776214,2025-11-17 13:39:48,2025-11-17 13:39:48
2025063003,邓洋,$2b$12$jYcQGXYgKZM6gd4yqGERWeKmH6ZxcuT7G9xYfCqn8YnHX3WlAa0Km,女,2004-08-03,自动化,2025,2025006001,2025-09-01,active,2025063003@bupt.edu.cn,18133116162,2025-11-17 13:39:48,2025-11-17 13:39:48
2025063006,李勇,$2b$12$dipAlzeQKciAqXd89j2l9.N37wZ0ZBFHiI2s7C2lfOg9zDYOCfdQa,男,2004-09-12,自动化,2025,2025006001,2025-09-01,active,2025063006@bupt.edu.cn,18607096808,2025-11-17 13:39:48,2025-11-17 13:39:48
2025063009,林想,$2b$12$2Jjez/M2pmtDHQdlXuidNO.HcqStIMCTITryD2rmJN4RSRe8N2BWq,女,2004-07-20,自动化,2025,2025006001,2025-09-01,active,2025063009@bupt.edu.cn,13878642699,2025-11-17 13:39:48,2025-11-17 13:39:48
2025063012,刘玉华,$2b$12$VPT274JnfebcU1eSfaDia.8aEGuNYFRV.7oVAVpRoJSfvO0fJ1hgK,男,2002-04-04,自动化,2025,2025006002,2025-09-01,active,2025063012@bupt.edu.cn,13562995489,2025-11-17 13:39:48,2025-11-17 13:39:48
2025063015,屈伟,$2b$12$jjB6Pg1b/SoMFTX4eC9fsubBPh1emrxFW1//CN6WVU6HzeBrtXbB6,女,2003-02-17,自动化,2025,2025006002,2025-09-01,active,2025063015@bupt.edu.cn,13258135383,2025-11-17 13:39:48,2025-11-17 13:39:48
2025063018,张雷,$2b$12$Qqqomxm2kZQMHhalt4r3DumtUxyvxoVK/P2Dpl3MBU/UGKeZBSaya,女,2003-01-29,自动化,2025,2025006002,2025-09-01,active,2025063018@bupt.edu.cn,13488217349,2025-11-17 13:39:48,2025-11-17 13:39:48
2025071001,徐雷,$2b$12$FtpJdv5My6l9OPxhw5Te/uXQLPrLZhJAEsT1wIBkALr14zXypxaYC,男,2002-04-15,电子信息工程（国际）,2025,2025007001,2025-09-01,active,2025071001@bupt.edu.cn,18551457413,2025-11-17 13:39:48,2025-11-17 13:39:48
2025071005,马雪梅,$2b$12$3ZsjsZIldMnXY6ZP65hbFuKqofjj9SysJpCaRYx36UY/WQ9EdAMjO,女,2002-07-11,电子信息工程（国际）,2025,2025007001,2025-09-01,active,2025071005@bupt.edu.cn,14482147181,2025-11-17 13:39:48,2025-11-17 13:39:48
2025071009,李春梅,$2b$12$YV9Dw/NZbBpSXQmvmwPSGe4O9g/BCWMSnZIMMQospwI18XinCHtES,男,2005-05-25,电子信息工程（国际）,2025,2025007001,2025-09-01,active,2025071009@bupt.edu.cn,15485254136,2025-11-17 13:39:48,2025-11-17 13:39:48
2025071013,夏浩,$2b$12$fnoDgymU2y5GaREZtq/f/ewTc1clQmuS3/mHFUQpJviy5wQxEf2pi,男,2004-06-18,电子信息工程（国际）,2025,2025007002,2025-09-01,active,2025071013@bupt.edu.cn,13438112108,2025-11-17 13:39:48,2025-11-17 13:39:48
2025071017,曹秀兰,$2b$12$wTQJcorURM5JkxJAafPmbuUPLEXtWDyOVdzIukVYS5FWroLykn9.W,女,2002-11-22,电子信息工程（国际）,2025,2025007002,2025-09-01,active,2025071017@bupt.edu.cn,16681529353,2025-11-17 13:39:48,2025-11-17 13:39:48
2025072002,冯梅,$2b$12$8IsnoUwibLBdCX.IhXtEnuLcsv4BZiVf3.AqstJ6n0i.pcWORy6XS,男,2004-05-30,计算机科学与技术（国际）,2025,2025007001,2025-09-01,active,2025072002@bupt.edu.cn,18623955424,2025-11-17 13:39:48,2025-11-17 13:39:48
2025072006,张桂香,$2b$12$wiKKD7IfaKxKHeYkNcDduugpE5JDWMxTxG3r3nSaAQVmYLrtZ0lVS,男,2004-09-11,计算机科学与技术（国际）,2025,2025007001,2025-09-01,active,2025072006@bupt.edu.cn,15955320695,2025-11-17 13:39:48,2025-11-17 13:39:48
2025072010,赵春梅,$2b$12$OLlh2CbLrcl2Bq4xRdKEE.7s2erOW5EklmcIGRnhVywGDkwWIeLsa,女,2003-04-15,计算机科学与技术（国际）,2025,2025007001,2025-09-01,active,2025072010@bupt.edu.cn,17486768645,2025-11-17 13:39:48,2025-11-17 13:39:48
2025072014,陈亮,$2b$12$4TD2vDVAyFIBMRPmttPssOm04imW2Jr8ar2EglXcpOFvy8pSwWDvq,女,2004-11-08,计算机科学与技术（国际）,2025,2025007002,2025-09-01,active,2025072014@bupt.edu.cn,15981284261,2025-11-17 13:39:48,2025-11-17 13:39:48
2025073003,张金凤,$2b$12$q6/BT6Y/nDnsWrOUf.edXOZp0UT0zwIOicAUbQXgDaZzHsePFLuma,女,2004-10-06,电信工程及管理（国际）,2025,2025007001,2025-09-01,active,2025073003@bupt.edu.cn,15056909950,2025-11-17 13:39:48,2025-11-17 13:39:48
2025073007,倪杰,$2b$12$11vzQDTIglrIIf860yvfw.72thug3paupP0BsLo2ij7kp3ADY4ZXS,男,2003-05-21,电信工程及管理（国际）,2025,2025007001,2025-09-01,active,2025073007@bupt.edu.cn,14139634174,2025-11-17 13:39:48,2025-11-17 13:39:48
2025073011,马楠,$2b$12$QhKkIhcZVH83GKlP.u99uOQOkrqY7N.Ts1ERBxVNTVLYCYuXKGd3a,女,2003-01-14,电信工程及管理（国际）,2025,2025007002,2025-09-01,active,2025073011@bupt.edu.cn,15287297750,2025-11-17 13:39:48,2025-11-17 13:39:48
2025073015,王秀云,$2b$12$PUpCJ1Wbw59jjGap7Gj/beBoCuSVsM3yfuLEAtWNiEDE14Ky4cSfO,女,2004-05-24,电信工程及管理（国际）,2025,2025007002,2025-09-01,active,2025073015@bupt.edu.cn,14115160162,2025-11-17 13:39:48,2025-11-17 13:39:48
2025074004,张莹,$2b$12$Cxun.n5atE1RjFBVZg7MNeDkFcf.8ilZGlSSWFw.xMsNRhqmiyrOu,男,2006-12-05,智能科学与技术（国际）,2025,2025007001,2025-09-01,active,2025074004@bupt.edu.cn,17874918762,2025-11-17 13:39:48,2025-11-17 13:39:48
2025074008,武强,$2b$12$IEgR5kKYiJdVUdbSq7K9F.Mni6mQtV2Qkl9jm7oyIYR5PDuIHLixe,男,2002-08-13,智能科学与技术（国际）,2025,2025007001,2025-09-01,active,2025074008@bupt.edu.cn,17591893554,2025-11-17 13:39:48,2025-11-17 13:39:48
2025074012,严岩,$2b$12$KJV4mtFxg2XNv/z4S88kvO7a5vDfZSA9MOuLTo3VivHAYcCgvuAWq,女,2002-07-20,智能科学与技术（国际）,2025,2025007002,2025-09-01,active,2025074012@bupt.edu.cn,17892448378,2025-11-17 13:39:48,2025-11-17 13:39:48
2025074016,洪淑英,$2b$12$FSgUjagQtYhc12J0LfcjteeUU/xdz4jawLTQ1iqU7guJL0RQhq2yO,女,2003-11-03,智能科学与技术（国际）,2025,2025007002,2025-09-01,active,2025074016@bupt.edu.cn,13246264801,2025-11-17 13:39:48,2025-11-17 13:39:48
